Section No.;Member;Node;Location;;Forces [kN];;;Moments [kNm];;;
;No.;No.;x [m];;N;V_y / V_u;V_z / V_v;M_T;M_y / M_u;M_z / M_v;Section (Material) | Member Comment
1;IPE 500 | 1 - S235;;;;;;;;;;
1;10;11;0.000;;-46.68;0.62;-17.05;0.00;0.00;0.00;Beam | 1 - IPE 500 | L : 4.000 m
1;10;11;0.000;;-46.68;0.62;-17.05;0.00;0.00;0.00;Beam | 1 - IPE 500 | L : 4.000 m
1;10;;1.500;;-44.85;0.14;-22.16;0.00;-29.41;-0.57;Beam | 1 - IPE 500 | L : 4.000 m
1;10;;1.500;;-44.85;0.14;-22.16;0.00;-29.41;-0.57;Beam | 1 - IPE 500 | L : 4.000 m
1;10;12;4.000;;-41.83;-0.59;-26.38;0.01;-91.89;0.01;Beam | 1 - IPE 500 | L : 4.000 m
1;10;12;4.000;;-41.83;-0.59;-26.38;0.01;-91.89;0.01;Beam | 1 - IPE 500 | L : 4.000 m
1;11;12;0.000;;-36.13;0.02;34.06;0.02;-91.98;-0.01;Beam | 1 - IPE 500 | L : 1.650 m
1;11;;0.825;;-36.01;0.03;33.07;0.02;-64.28;-0.02;Beam | 1 - IPE 500 | L : 1.650 m
1;11;;0.825;;-36.01;0.03;33.07;0.02;-64.28;-0.02;Beam | 1 - IPE 500 | L : 1.650 m
1;11;;1.005;;-35.99;0.03;32.85;0.02;-58.35;-0.02;Beam | 1 - IPE 500 | L : 1.650 m
1;11;111;1.650;;-35.90;0.03;32.07;0.02;-37.42;-0.03;Beam | 1 - IPE 500 | L : 1.650 m
1;12;13;0.000;;-34.40;0.00;13.52;0.01;40.45;0.00;Beam | 1 - IPE 500 | L : 1.575 m
1;12;;0.787;;-34.31;0.01;12.54;0.01;50.71;-0.01;Beam | 1 - IPE 500 | L : 1.575 m
1;12;;0.787;;-34.31;0.01;12.54;0.01;50.71;-0.01;Beam | 1 - IPE 500 | L : 1.575 m
1;12;114;1.575;;-34.22;0.01;11.55;0.01;60.19;-0.02;Beam | 1 - IPE 500 | L : 1.575 m
1;13;14;0.000;;-32.86;0.08;0.58;0.01;68.54;0.12;Beam | 1 - IPE 500 | L : 0.150 m
1;13;;0.075;;-32.87;0.09;0.49;0.01;68.58;0.11;Beam | 1 - IPE 500 | L : 0.150 m
1;13;;0.075;;-32.87;0.09;0.49;0.01;68.58;0.11;Beam | 1 - IPE 500 | L : 0.150 m
1;13;128;0.150;;-32.88;0.09;0.40;0.01;68.61;0.10;Beam | 1 - IPE 500 | L : 0.150 m
1;14;15;0.000;;-34.23;-0.02;-19.00;-0.01;17.50;-0.02;Beam | 1 - IPE 500 | L : 0.075 m
1;14;125;0.075;;-34.24;-0.02;-19.09;-0.01;16.07;-0.01;Beam | 1 - IPE 500 | L : 0.075 m
1;15;17;0.000;;-50.31;0.67;36.68;0.00;0.00;0.00;Beam | 1 - IPE 500 | L : 4.000 m
1;15;17;0.000;;-50.31;0.67;36.68;0.00;0.00;0.00;Beam | 1 - IPE 500 | L : 4.000 m
1;15;;1.500;;-48.50;0.16;34.45;0.00;53.36;-0.62;Beam | 1 - IPE 500 | L : 4.000 m
1;15;;1.500;;-48.50;0.15;34.45;0.00;53.36;-0.62;Beam | 1 - IPE 500 | L : 4.000 m
1;15;16;4.000;;-45.52;-0.64;32.51;-0.02;136.33;0.00;Beam | 1 - IPE 500 | L : 4.000 m
1;15;16;4.000;;-45.52;-0.64;32.51;-0.02;136.33;0.00;Beam | 1 - IPE 500 | L : 4.000 m
1;16;18;0.000;;-47.58;0.63;-17.13;0.00;0.00;0.00;Beam | 1 - IPE 500 | L : 4.000 m
1;16;18;0.000;;-47.58;0.63;-17.13;0.00;0.00;0.00;Beam | 1 - IPE 500 | L : 4.000 m
1;16;;1.500;;-45.75;0.15;-22.25;0.00;-29.54;-0.58;Beam | 1 - IPE 500 | L : 4.000 m
1;16;;1.500;;-45.75;0.14;-22.25;0.00;-29.54;-0.58;Beam | 1 - IPE 500 | L : 4.000 m
1;16;19;4.000;;-42.73;-0.60;-26.46;0.01;-92.23;0.01;Beam | 1 - IPE 500 | L : 4.000 m
1;16;19;4.000;;-42.73;-0.60;-26.46;0.01;-92.23;0.01;Beam | 1 - IPE 500 | L : 4.000 m
1;17;19;0.000;;-36.07;0.02;34.14;0.01;-92.31;-0.01;Beam | 1 - IPE 500 | L : 1.650 m
1;17;;0.825;;-35.95;0.03;33.15;0.01;-64.56;-0.02;Beam | 1 - IPE 500 | L : 1.650 m
1;17;;0.825;;-35.95;0.03;33.15;0.01;-64.56;-0.02;Beam | 1 - IPE 500 | L : 1.650 m
1;17;;1.005;;-35.92;0.03;32.93;0.01;-58.61;-0.02;Beam | 1 - IPE 500 | L : 1.650 m
1;17;83;1.650;;-35.84;0.03;32.15;0.01;-37.62;-0.03;Beam | 1 - IPE 500 | L : 1.650 m
1;18;20;0.000;;-34.10;-0.01;13.57;0.01;40.51;-0.02;Beam | 1 - IPE 500 | L : 1.575 m
1;18;;0.787;;-34.01;-0.01;12.59;0.01;50.81;-0.02;Beam | 1 - IPE 500 | L : 1.575 m
1;18;;0.787;;-34.01;-0.01;12.59;0.01;50.81;-0.02;Beam | 1 - IPE 500 | L : 1.575 m
1;18;86;1.575;;-33.92;0.00;11.60;0.01;60.34;-0.02;Beam | 1 - IPE 500 | L : 1.575 m
1;19;21;0.000;;-32.54;0.06;0.53;0.01;68.86;0.08;Beam | 1 - IPE 500 | L : 0.150 m
1;19;;0.075;;-32.55;0.06;0.43;0.01;68.90;0.08;Beam | 1 - IPE 500 | L : 0.150 m
1;19;;0.075;;-32.55;0.06;0.43;0.01;68.90;0.08;Beam | 1 - IPE 500 | L : 0.150 m
1;19;100;0.150;;-32.56;0.06;0.34;0.01;68.93;0.07;Beam | 1 - IPE 500 | L : 0.150 m
1;20;22;0.000;;-34.15;-0.01;-19.07;-0.01;17.54;-0.02;Beam | 1 - IPE 500 | L : 0.075 m
1;20;97;0.075;;-34.16;-0.01;-19.16;-0.01;16.10;-0.02;Beam | 1 - IPE 500 | L : 0.075 m
1;21;24;0.000;;-51.24;0.69;36.75;0.00;0.00;0.00;Beam | 1 - IPE 500 | L : 4.000 m
1;21;24;0.000;;-51.24;0.69;36.75;0.00;0.00;0.00;Beam | 1 - IPE 500 | L : 4.000 m
1;21;;1.500;;-49.43;0.16;34.53;0.00;53.48;-0.63;Beam | 1 - IPE 500 | L : 4.000 m
1;21;;1.500;;-49.43;0.16;34.53;0.00;53.48;-0.63;Beam | 1 - IPE 500 | L : 4.000 m
1;21;23;4.000;;-46.45;-0.65;32.59;-0.02;136.64;0.00;Beam | 1 - IPE 500 | L : 4.000 m
1;21;23;4.000;;-46.45;-0.65;32.59;-0.02;136.64;0.00;Beam | 1 - IPE 500 | L : 4.000 m
1;22;25;0.000;;-44.08;0.59;-16.21;0.00;0.00;0.00;Beam | 1 - IPE 500 | L : 4.000 m
1;22;25;0.000;;-44.08;0.59;-16.21;0.00;0.00;0.00;Beam | 1 - IPE 500 | L : 4.000 m
1;22;;1.500;;-42.25;0.14;-21.33;0.00;-28.16;-0.55;Beam | 1 - IPE 500 | L : 4.000 m
1;22;;1.500;;-42.25;0.13;-21.33;0.00;-28.16;-0.55;Beam | 1 - IPE 500 | L : 4.000 m
1;22;26;4.000;;-39.22;-0.55;-25.55;0.01;-88.57;-0.01;Beam | 1 - IPE 500 | L : 4.000 m
1;22;26;4.000;;-39.22;-0.55;-25.55;0.01;-88.57;-0.01;Beam | 1 - IPE 500 | L : 4.000 m
1;23;26;0.000;;-33.30;-0.01;33.17;-0.01;-88.65;-0.01;Beam | 1 - IPE 500 | L : 1.650 m
1;23;;0.825;;-33.18;-0.01;32.18;0.00;-61.69;-0.01;Beam | 1 - IPE 500 | L : 1.650 m
1;23;;0.825;;-33.18;-0.01;32.18;0.00;-61.69;-0.01;Beam | 1 - IPE 500 | L : 1.650 m
1;23;;1.005;;-33.16;-0.01;31.96;0.00;-55.92;-0.01;Beam | 1 - IPE 500 | L : 1.650 m
1;23;55;1.650;;-33.07;-0.01;31.18;0.00;-35.55;0.00;Beam | 1 - IPE 500 | L : 1.650 m
1;24;27;0.000;;-31.37;-0.01;13.28;0.00;39.31;-0.02;Beam | 1 - IPE 500 | L : 1.575 m
1;24;;0.787;;-31.28;-0.01;12.30;0.00;49.38;-0.02;Beam | 1 - IPE 500 | L : 1.575 m
1;24;;0.787;;-31.28;-0.01;12.30;0.00;49.38;-0.02;Beam | 1 - IPE 500 | L : 1.575 m
1;24;59;1.575;;-31.19;-0.01;11.32;0.00;58.68;-0.01;Beam | 1 - IPE 500 | L : 1.575 m
1;25;28;0.000;;-30.02;-0.03;0.80;-0.01;66.24;-0.05;Beam | 1 - IPE 500 | L : 0.150 m
1;25;;0.075;;-30.03;-0.03;0.71;-0.01;66.30;-0.05;Beam | 1 - IPE 500 | L : 0.150 m
1;25;;0.075;;-30.03;-0.03;0.71;-0.01;66.30;-0.05;Beam | 1 - IPE 500 | L : 0.150 m
1;25;76;0.150;;-30.04;-0.03;0.61;-0.01;66.35;-0.04;Beam | 1 - IPE 500 | L : 0.150 m
1;26;29;0.000;;-31.77;0.01;-18.10;0.00;16.31;0.01;Beam | 1 - IPE 500 | L : 0.075 m
1;26;72;0.075;;-31.78;0.01;-18.20;0.00;14.95;0.01;Beam | 1 - IPE 500 | L : 0.075 m
1;27;31;0.000;;-47.97;0.64;35.85;0.00;0.00;0.00;Beam | 1 - IPE 500 | L : 4.000 m
1;27;31;0.000;;-47.97;0.64;35.85;0.00;0.00;0.00;Beam | 1 - IPE 500 | L : 4.000 m
1;27;;1.500;;-46.15;0.15;33.63;0.00;52.12;-0.60;Beam | 1 - IPE 500 | L : 4.000 m
1;27;;1.500;;-46.15;0.15;33.63;0.00;52.12;-0.60;Beam | 1 - IPE 500 | L : 4.000 m
1;27;30;4.000;;-43.17;-0.61;31.69;-0.02;133.03;0.00;Beam | 1 - IPE 500 | L : 4.000 m
1;27;30;4.000;;-43.17;-0.61;31.69;-0.02;133.03;0.00;Beam | 1 - IPE 500 | L : 4.000 m
1;28;32;0.000;;-44.04;0.59;-16.19;0.00;0.00;0.00;Beam | 1 - IPE 500 | L : 4.000 m
1;28;32;0.000;;-44.04;0.59;-16.19;0.00;0.00;0.00;Beam | 1 - IPE 500 | L : 4.000 m
1;28;;1.500;;-42.21;0.14;-21.31;0.00;-28.13;-0.55;Beam | 1 - IPE 500 | L : 4.000 m
1;28;;1.500;;-42.21;0.14;-21.31;0.00;-28.13;-0.55;Beam | 1 - IPE 500 | L : 4.000 m
1;28;33;4.000;;-39.19;-0.55;-25.53;0.01;-88.48;-0.02;Beam | 1 - IPE 500 | L : 4.000 m
1;28;33;4.000;;-39.19;-0.55;-25.53;0.01;-88.48;-0.02;Beam | 1 - IPE 500 | L : 4.000 m
1;29;33;0.000;;-33.27;-0.03;33.14;-0.02;-88.56;-0.01;Beam | 1 - IPE 500 | L : 1.650 m
1;29;;0.825;;-33.15;-0.04;32.14;-0.02;-61.63;0.00;Beam | 1 - IPE 500 | L : 1.650 m
1;29;;0.825;;-33.15;-0.04;32.14;-0.02;-61.63;0.00;Beam | 1 - IPE 500 | L : 1.650 m
1;29;;1.005;;-33.13;-0.04;31.92;-0.02;-55.87;0.00;Beam | 1 - IPE 500 | L : 1.650 m
1;29;49;1.650;;-33.04;-0.05;31.14;-0.02;-35.52;0.02;Beam | 1 - IPE 500 | L : 1.650 m
1;30;34;0.000;;-31.33;0.00;13.28;-0.01;39.22;-0.03;Beam | 1 - IPE 500 | L : 1.575 m
1;30;;0.787;;-31.25;-0.01;12.30;-0.01;49.29;-0.02;Beam | 1 - IPE 500 | L : 1.575 m
1;30;;0.787;;-31.25;-0.01;12.30;-0.01;49.29;-0.02;Beam | 1 - IPE 500 | L : 1.575 m
1;30;54;1.575;;-31.16;-0.01;11.32;-0.01;58.59;-0.01;Beam | 1 - IPE 500 | L : 1.575 m
1;31;35;0.000;;-29.98;-0.12;0.82;-0.02;66.14;-0.18;Beam | 1 - IPE 500 | L : 0.150 m
1;31;;0.075;;-29.99;-0.12;0.73;-0.02;66.19;-0.17;Beam | 1 - IPE 500 | L : 0.150 m
1;31;;0.075;;-29.99;-0.12;0.73;-0.02;66.19;-0.17;Beam | 1 - IPE 500 | L : 0.150 m
1;31;62;0.150;;-30.00;-0.12;0.63;-0.02;66.25;-0.16;Beam | 1 - IPE 500 | L : 0.150 m
1;32;36;0.000;;-31.72;0.03;-18.07;0.01;16.31;0.03;Beam | 1 - IPE 500 | L : 0.075 m
1;32;66;0.075;;-31.73;0.03;-18.16;0.01;14.95;0.03;Beam | 1 - IPE 500 | L : 0.075 m
1;33;38;0.000;;-47.93;0.65;35.80;0.00;0.00;0.00;Beam | 1 - IPE 500 | L : 4.000 m
1;33;38;0.000;;-47.93;0.65;35.80;0.00;0.00;0.00;Beam | 1 - IPE 500 | L : 4.000 m
1;33;;1.500;;-46.11;0.15;33.58;0.01;52.05;-0.60;Beam | 1 - IPE 500 | L : 4.000 m
1;33;;1.500;;-46.11;0.15;33.58;0.01;52.05;-0.60;Beam | 1 - IPE 500 | L : 4.000 m
1;33;37;4.000;;-43.13;-0.60;31.64;-0.02;132.84;-0.01;Beam | 1 - IPE 500 | L : 4.000 m
1;33;37;4.000;;-43.13;-0.60;31.64;-0.02;132.84;-0.01;Beam | 1 - IPE 500 | L : 4.000 m
1;84;49;0.000;;-32.62;0.00;26.72;-0.01;-35.68;0.02;Beam | 1 - IPE 500 | L : 1.650 m
1;84;;0.825;;-32.52;0.00;25.71;-0.01;-14.06;0.02;Beam | 1 - IPE 500 | L : 1.650 m
1;84;;0.825;;-32.52;0.00;25.71;-0.01;-14.06;0.02;Beam | 1 - IPE 500 | L : 1.650 m
1;84;50;1.650;;-32.42;0.00;24.69;0.00;6.74;0.02;Beam | 1 - IPE 500 | L : 1.650 m
1;85;50;0.000;;-32.00;0.03;20.27;0.00;6.58;0.02;Beam | 1 - IPE 500 | L : 1.650 m
1;85;;0.825;;-31.91;0.03;19.25;0.00;22.88;0.00;Beam | 1 - IPE 500 | L : 1.650 m
1;85;;0.825;;-31.91;0.03;19.25;0.00;22.88;0.00;Beam | 1 - IPE 500 | L : 1.650 m
1;85;51;1.650;;-31.81;0.03;18.23;0.01;38.34;-0.03;Beam | 1 - IPE 500 | L : 1.650 m
1;86;51;0.000;;-31.39;-0.01;13.85;-0.01;38.18;-0.03;Beam | 1 - IPE 500 | L : 0.075 m
1;86;;0.037;;-31.39;-0.01;13.81;-0.01;38.70;-0.03;Beam | 1 - IPE 500 | L : 0.075 m
1;86;;0.037;;-31.39;-0.01;13.81;-0.01;38.70;-0.03;Beam | 1 - IPE 500 | L : 0.075 m
1;86;34;0.075;;-31.38;-0.01;13.76;-0.01;39.22;-0.03;Beam | 1 - IPE 500 | L : 0.075 m
1;87;52;0.000;;-29.63;0.10;-4.45;0.02;66.82;-0.17;Beam | 1 - IPE 500 | L : 0.150 m
1;87;;0.075;;-29.62;0.10;-4.54;0.02;66.48;-0.18;Beam | 1 - IPE 500 | L : 0.150 m
1;87;;0.075;;-29.62;0.10;-4.54;0.02;66.48;-0.18;Beam | 1 - IPE 500 | L : 0.150 m
1;87;35;0.150;;-29.61;0.10;-4.63;0.02;66.14;-0.18;Beam | 1 - IPE 500 | L : 0.150 m
1;88;53;0.000;;-30.11;0.06;0.41;0.01;67.94;-0.06;Beam | 1 - IPE 500 | L : 1.650 m
1;88;;0.825;;-30.01;0.06;-0.62;0.01;67.86;-0.11;Beam | 1 - IPE 500 | L : 1.650 m
1;88;;0.825;;-30.01;0.06;-0.62;0.01;67.86;-0.11;Beam | 1 - IPE 500 | L : 1.650 m
1;88;52;1.650;;-29.91;0.06;-1.65;0.00;66.92;-0.17;Beam | 1 - IPE 500 | L : 1.650 m
1;89;54;0.000;;-30.73;0.03;6.89;0.00;58.43;-0.01;Beam | 1 - IPE 500 | L : 1.650 m
1;89;;0.825;;-30.64;0.03;5.86;0.00;63.69;-0.03;Beam | 1 - IPE 500 | L : 1.650 m
1;89;;0.825;;-30.64;0.03;5.86;0.00;63.69;-0.03;Beam | 1 - IPE 500 | L : 1.650 m
1;89;53;1.650;;-30.54;0.03;4.83;0.00;68.10;-0.06;Beam | 1 - IPE 500 | L : 1.650 m
1;91;55;0.000;;-32.65;0.00;26.75;0.00;-35.71;0.00;Beam | 1 - IPE 500 | L : 1.650 m
1;91;;0.825;;-32.55;0.00;25.74;0.00;-14.06;0.00;Beam | 1 - IPE 500 | L : 1.650 m
1;91;;0.825;;-32.55;0.00;25.74;0.00;-14.06;0.00;Beam | 1 - IPE 500 | L : 1.650 m
1;91;57;1.650;;-32.45;0.00;24.73;0.00;6.76;0.00;Beam | 1 - IPE 500 | L : 1.650 m
1;94;57;0.000;;-32.03;0.01;20.30;0.00;6.61;-0.01;Beam | 1 - IPE 500 | L : 1.650 m
1;94;;0.825;;-31.93;0.01;19.28;0.00;22.94;-0.01;Beam | 1 - IPE 500 | L : 1.650 m
1;94;;0.825;;-31.93;0.01;19.28;0.00;22.94;-0.01;Beam | 1 - IPE 500 | L : 1.650 m
1;94;58;1.650;;-31.84;0.01;18.26;0.00;38.43;-0.02;Beam | 1 - IPE 500 | L : 1.650 m
1;96;58;0.000;;-31.42;0.00;13.88;0.00;38.27;-0.02;Beam | 1 - IPE 500 | L : 0.075 m
1;96;;0.037;;-31.42;0.00;13.84;0.00;38.79;-0.02;Beam | 1 - IPE 500 | L : 0.075 m
1;96;;0.037;;-31.42;0.00;13.84;0.00;38.79;-0.02;Beam | 1 - IPE 500 | L : 0.075 m
1;96;27;0.075;;-31.41;0.00;13.79;0.00;39.31;-0.02;Beam | 1 - IPE 500 | L : 0.075 m
1;98;59;0.000;;-30.76;0.01;6.90;0.00;58.52;-0.01;Beam | 1 - IPE 500 | L : 1.650 m
1;98;;0.825;;-30.67;0.01;5.87;0.00;63.79;-0.02;Beam | 1 - IPE 500 | L : 1.650 m
1;98;;0.825;;-30.67;0.01;5.87;0.00;63.79;-0.02;Beam | 1 - IPE 500 | L : 1.650 m
1;98;60;1.650;;-30.57;0.01;4.84;0.00;68.21;-0.02;Beam | 1 - IPE 500 | L : 1.650 m
1;100;60;0.000;;-30.14;0.01;0.41;0.00;68.05;-0.02;Beam | 1 - IPE 500 | L : 1.650 m
1;100;;0.825;;-30.04;0.01;-0.62;0.00;67.96;-0.03;Beam | 1 - IPE 500 | L : 1.650 m
1;100;;0.825;;-30.04;0.01;-0.62;0.00;67.96;-0.03;Beam | 1 - IPE 500 | L : 1.650 m
1;100;63;1.650;;-29.94;0.01;-1.65;0.00;67.03;-0.04;Beam | 1 - IPE 500 | L : 1.650 m
1;109;74;0.000;;-30.94;-0.01;-9.34;0.00;59.74;-0.01;Beam | 1 - IPE 500 | L : 1.650 m
1;109;73;1.650;;-31.13;-0.01;-11.38;0.00;42.63;0.00;Beam | 1 - IPE 500 | L : 1.650 m
1;110;73;0.000;;-31.55;0.00;-15.71;0.00;42.58;0.00;Beam | 1 - IPE 500 | L : 1.575 m
1;110;29;1.575;;-31.73;0.00;-17.64;0.00;16.31;0.01;Beam | 1 - IPE 500 | L : 1.575 m
1;111;72;0.000;;-32.20;0.00;-22.53;0.00;14.89;0.01;Beam | 1 - IPE 500 | L : 1.650 m
1;111;71;1.650;;-32.40;0.00;-24.53;0.00;-23.94;0.00;Beam | 1 - IPE 500 | L : 1.650 m
1;112;71;0.000;;-32.82;0.01;-28.86;0.00;-24.00;0.00;Beam | 1 - IPE 500 | L : 1.650 m
1;112;69;1.650;;-33.04;0.01;-30.85;0.00;-73.27;-0.01;Beam | 1 - IPE 500 | L : 1.650 m
1;113;69;0.000;;-33.46;0.01;-35.18;0.00;-73.33;-0.01;Beam | 1 - IPE 500 | L : 1.650 m
1;113;30;1.650;;-33.72;0.01;-37.13;0.00;-132.99;-0.02;Beam | 1 - IPE 500 | L : 1.650 m
1;114;67;0.000;;-30.90;-0.04;-9.32;0.00;59.67;-0.05;Beam | 1 - IPE 500 | L : 1.650 m
1;114;68;1.650;;-31.08;-0.04;-11.36;0.00;42.60;0.01;Beam | 1 - IPE 500 | L : 1.650 m
1;115;68;0.000;;-31.51;-0.02;-15.69;0.01;42.55;0.01;Beam | 1 - IPE 500 | L : 1.575 m
1;115;36;1.575;;-31.69;-0.02;-17.62;0.01;16.31;0.03;Beam | 1 - IPE 500 | L : 1.575 m
1;116;66;0.000;;-32.15;0.00;-22.49;0.00;14.90;0.03;Beam | 1 - IPE 500 | L : 1.650 m
1;116;65;1.650;;-32.35;0.00;-24.50;0.00;-23.87;0.03;Beam | 1 - IPE 500 | L : 1.650 m
1;117;65;0.000;;-32.77;0.01;-28.83;0.00;-23.93;0.03;Beam | 1 - IPE 500 | L : 1.650 m
1;117;64;1.650;;-32.99;0.01;-30.81;0.00;-73.14;0.01;Beam | 1 - IPE 500 | L : 1.650 m
1;118;64;0.000;;-33.41;0.03;-35.14;0.01;-73.20;0.01;Beam | 1 - IPE 500 | L : 1.650 m
1;118;37;1.650;;-33.67;0.02;-37.10;0.01;-132.80;-0.02;Beam | 1 - IPE 500 | L : 1.650 m
1;120;63;0.000;;-29.67;0.02;-4.45;0.00;66.92;-0.04;Beam | 1 - IPE 500 | L : 0.150 m
1;120;;0.075;;-29.66;0.02;-4.54;0.00;66.59;-0.05;Beam | 1 - IPE 500 | L : 0.150 m
1;120;;0.075;;-29.66;0.02;-4.54;0.00;66.59;-0.05;Beam | 1 - IPE 500 | L : 0.150 m
1;120;28;0.150;;-29.65;0.02;-4.63;0.00;66.24;-0.05;Beam | 1 - IPE 500 | L : 0.150 m
1;122;76;0.000;;-30.32;-0.02;-2.82;0.00;66.28;-0.04;Beam | 1 - IPE 500 | L : 1.650 m
1;122;;0.825;;-30.41;-0.02;-3.97;0.00;63.49;-0.03;Beam | 1 - IPE 500 | L : 1.650 m
1;122;;0.825;;-30.41;-0.02;-3.97;0.00;63.49;-0.03;Beam | 1 - IPE 500 | L : 1.650 m
1;122;;0.855;;-30.42;-0.02;-4.01;0.00;63.38;-0.03;Beam | 1 - IPE 500 | L : 1.650 m
1;122;74;1.650;;-30.51;-0.02;-5.00;0.00;59.79;-0.01;Beam | 1 - IPE 500 | L : 1.650 m
1;123;62;0.000;;-30.27;-0.07;-2.80;0.00;66.17;-0.17;Beam | 1 - IPE 500 | L : 1.650 m
1;123;;0.825;;-30.37;-0.07;-3.94;0.00;63.41;-0.11;Beam | 1 - IPE 500 | L : 1.650 m
1;123;;0.825;;-30.37;-0.07;-3.94;0.00;63.41;-0.11;Beam | 1 - IPE 500 | L : 1.650 m
1;123;;0.855;;-30.38;-0.07;-3.99;0.00;63.29;-0.11;Beam | 1 - IPE 500 | L : 1.650 m
1;123;67;1.650;;-30.47;-0.07;-4.97;-0.01;59.73;-0.05;Beam | 1 - IPE 500 | L : 1.650 m
1;136;83;0.000;;-35.42;0.00;27.72;0.00;-37.78;-0.03;Beam | 1 - IPE 500 | L : 1.650 m
1;136;;0.825;;-35.31;0.00;26.71;0.00;-15.32;-0.03;Beam | 1 - IPE 500 | L : 1.650 m
1;136;;0.825;;-35.31;0.00;26.71;0.00;-15.32;-0.03;Beam | 1 - IPE 500 | L : 1.650 m
1;136;84;1.650;;-35.21;0.00;25.70;0.00;6.30;-0.03;Beam | 1 - IPE 500 | L : 1.650 m
1;137;84;0.000;;-34.80;-0.01;21.27;0.00;6.14;-0.03;Beam | 1 - IPE 500 | L : 1.650 m
1;137;;0.825;;-34.70;-0.01;20.25;0.00;23.27;-0.03;Beam | 1 - IPE 500 | L : 1.650 m
1;137;;0.825;;-34.70;-0.01;20.25;0.00;23.27;-0.03;Beam | 1 - IPE 500 | L : 1.650 m
1;137;85;1.650;;-34.61;-0.01;19.23;0.00;39.56;-0.02;Beam | 1 - IPE 500 | L : 1.650 m
1;138;85;0.000;;-34.19;0.01;14.85;0.01;39.40;-0.02;Beam | 1 - IPE 500 | L : 0.075 m
1;138;;0.037;;-34.18;0.01;14.80;0.01;39.96;-0.02;Beam | 1 - IPE 500 | L : 0.075 m
1;138;;0.037;;-34.18;0.01;14.80;0.01;39.96;-0.02;Beam | 1 - IPE 500 | L : 0.075 m
1;138;20;0.075;;-34.18;0.01;14.76;0.01;40.51;-0.02;Beam | 1 - IPE 500 | L : 0.075 m
1;139;86;0.000;;-33.50;-0.02;7.18;0.00;60.18;-0.02;Beam | 1 - IPE 500 | L : 1.650 m
1;139;;0.825;;-33.40;-0.02;6.15;0.00;65.68;0.00;Beam | 1 - IPE 500 | L : 1.650 m
1;139;;0.825;;-33.40;-0.02;6.15;0.00;65.68;0.00;Beam | 1 - IPE 500 | L : 1.650 m
1;139;87;1.650;;-33.31;-0.02;5.12;0.00;70.33;0.01;Beam | 1 - IPE 500 | L : 1.650 m
1;140;87;0.000;;-32.88;-0.03;0.69;0.00;70.17;0.01;Beam | 1 - IPE 500 | L : 1.650 m
1;140;;0.825;;-32.78;-0.03;-0.34;0.00;70.31;0.04;Beam | 1 - IPE 500 | L : 1.650 m
1;140;;0.825;;-32.78;-0.03;-0.34;0.00;70.31;0.04;Beam | 1 - IPE 500 | L : 1.650 m
1;140;89;1.650;;-32.68;-0.03;-1.38;0.00;69.60;0.07;Beam | 1 - IPE 500 | L : 1.650 m
1;141;89;0.000;;-32.40;-0.06;-4.17;-0.01;69.50;0.07;Beam | 1 - IPE 500 | L : 0.150 m
1;141;;0.075;;-32.39;-0.06;-4.26;-0.01;69.18;0.08;Beam | 1 - IPE 500 | L : 0.150 m
1;141;;0.075;;-32.39;-0.06;-4.26;-0.01;69.18;0.08;Beam | 1 - IPE 500 | L : 0.150 m
1;141;21;0.150;;-32.38;-0.06;-4.36;-0.01;68.86;0.08;Beam | 1 - IPE 500 | L : 0.150 m
1;142;100;0.000;;-32.83;0.03;-3.09;0.00;68.86;0.08;Beam | 1 - IPE 500 | L : 1.650 m
1;142;;0.825;;-32.93;0.03;-4.24;0.00;65.85;0.05;Beam | 1 - IPE 500 | L : 1.650 m
1;142;;0.825;;-32.93;0.03;-4.24;0.00;65.85;0.05;Beam | 1 - IPE 500 | L : 1.650 m
1;142;;0.855;;-32.94;0.03;-4.29;0.00;65.72;0.05;Beam | 1 - IPE 500 | L : 1.650 m
1;142;99;1.650;;-33.03;0.03;-5.27;0.00;61.92;0.02;Beam | 1 - IPE 500 | L : 1.650 m
1;143;99;0.000;;-33.46;0.02;-9.62;0.00;61.86;0.02;Beam | 1 - IPE 500 | L : 1.650 m
1;143;98;1.650;;-33.64;0.02;-11.66;0.00;44.30;0.00;Beam | 1 - IPE 500 | L : 1.650 m
1;144;98;0.000;;-34.07;0.01;-15.99;-0.01;44.25;0.00;Beam | 1 - IPE 500 | L : 1.575 m
1;144;22;1.575;;-34.24;0.01;-17.92;-0.01;17.54;-0.02;Beam | 1 - IPE 500 | L : 1.575 m
1;145;97;0.000;;-34.58;0.00;-23.49;0.00;16.05;-0.02;Beam | 1 - IPE 500 | L : 1.650 m
1;145;96;1.650;;-34.77;0.00;-25.50;0.00;-24.38;-0.02;Beam | 1 - IPE 500 | L : 1.650 m
1;146;96;0.000;;-35.19;0.00;-29.83;0.00;-24.44;-0.02;Beam | 1 - IPE 500 | L : 1.650 m
1;146;95;1.650;;-35.41;0.00;-31.81;0.00;-75.30;-0.02;Beam | 1 - IPE 500 | L : 1.650 m
1;147;95;0.000;;-35.84;-0.02;-36.14;-0.01;-75.36;-0.02;Beam | 1 - IPE 500 | L : 1.650 m
1;147;23;1.650;;-36.10;-0.01;-38.09;-0.01;-136.61;-0.02;Beam | 1 - IPE 500 | L : 1.650 m
1;162;111;0.000;;-35.48;0.00;27.64;0.00;-37.58;-0.03;Beam | 1 - IPE 500 | L : 1.650 m
1;162;;0.825;;-35.38;0.00;26.63;0.01;-15.18;-0.04;Beam | 1 - IPE 500 | L : 1.650 m
1;162;;0.825;;-35.38;0.00;26.63;0.01;-15.18;-0.04;Beam | 1 - IPE 500 | L : 1.650 m
1;162;112;1.650;;-35.28;0.00;25.62;0.01;6.37;-0.04;Beam | 1 - IPE 500 | L : 1.650 m
1;163;112;0.000;;-34.86;-0.02;21.19;0.00;6.21;-0.04;Beam | 1 - IPE 500 | L : 1.650 m
1;163;;0.825;;-34.76;-0.02;20.17;0.00;23.28;-0.02;Beam | 1 - IPE 500 | L : 1.650 m
1;163;;0.825;;-34.76;-0.02;20.17;0.00;23.28;-0.02;Beam | 1 - IPE 500 | L : 1.650 m
1;163;113;1.650;;-34.67;-0.02;19.15;0.00;39.50;0.00;Beam | 1 - IPE 500 | L : 1.650 m
1;164;113;0.000;;-34.25;0.02;14.78;0.01;39.34;0.00;Beam | 1 - IPE 500 | L : 0.075 m
1;164;;0.037;;-34.24;0.02;14.73;0.01;39.89;0.00;Beam | 1 - IPE 500 | L : 0.075 m
1;164;;0.037;;-34.24;0.02;14.73;0.01;39.89;0.00;Beam | 1 - IPE 500 | L : 0.075 m
1;164;13;0.075;;-34.24;0.02;14.68;0.01;40.45;0.00;Beam | 1 - IPE 500 | L : 0.075 m
1;165;114;0.000;;-33.80;-0.03;7.13;0.00;60.03;-0.02;Beam | 1 - IPE 500 | L : 1.650 m
1;165;;0.825;;-33.70;-0.03;6.10;0.00;65.49;0.00;Beam | 1 - IPE 500 | L : 1.650 m
1;165;;0.825;;-33.70;-0.03;6.10;0.00;65.49;0.00;Beam | 1 - IPE 500 | L : 1.650 m
1;165;115;1.650;;-33.61;-0.03;5.06;0.00;70.09;0.02;Beam | 1 - IPE 500 | L : 1.650 m
1;166;115;0.000;;-33.18;-0.05;0.64;0.00;69.93;0.02;Beam | 1 - IPE 500 | L : 1.650 m
1;166;;0.825;;-33.08;-0.05;-0.39;0.00;70.04;0.06;Beam | 1 - IPE 500 | L : 1.650 m
1;166;;0.825;;-33.08;-0.05;-0.39;0.00;70.04;0.06;Beam | 1 - IPE 500 | L : 1.650 m
1;166;117;1.650;;-32.98;-0.05;-1.43;0.00;69.29;0.11;Beam | 1 - IPE 500 | L : 1.650 m
1;167;117;0.000;;-32.70;-0.08;-4.22;-0.01;69.18;0.11;Beam | 1 - IPE 500 | L : 0.150 m
1;167;;0.075;;-32.69;-0.08;-4.31;-0.01;68.86;0.11;Beam | 1 - IPE 500 | L : 0.150 m
1;167;;0.075;;-32.69;-0.08;-4.31;-0.01;68.86;0.11;Beam | 1 - IPE 500 | L : 0.150 m
1;167;14;0.150;;-32.68;-0.08;-4.41;-0.01;68.54;0.12;Beam | 1 - IPE 500 | L : 0.150 m
1;168;128;0.000;;-33.15;0.05;-3.04;0.00;68.54;0.11;Beam | 1 - IPE 500 | L : 1.650 m
1;168;;0.825;;-33.25;0.05;-4.18;0.00;65.58;0.07;Beam | 1 - IPE 500 | L : 1.650 m
1;168;;0.825;;-33.25;0.05;-4.18;0.00;65.58;0.07;Beam | 1 - IPE 500 | L : 1.650 m
1;168;;0.855;;-33.26;0.05;-4.23;0.00;65.45;0.07;Beam | 1 - IPE 500 | L : 1.650 m
1;168;127;1.650;;-33.35;0.05;-5.21;0.00;61.70;0.03;Beam | 1 - IPE 500 | L : 1.650 m
1;169;127;0.000;;-33.78;0.03;-9.56;-0.01;61.64;0.03;Beam | 1 - IPE 500 | L : 1.650 m
1;169;126;1.650;;-33.96;0.03;-11.60;0.00;44.18;-0.01;Beam | 1 - IPE 500 | L : 1.650 m
1;170;126;0.000;;-34.39;0.01;-15.93;-0.01;44.12;-0.01;Beam | 1 - IPE 500 | L : 1.575 m
1;170;15;1.575;;-34.56;0.01;-17.87;-0.01;17.50;-0.02;Beam | 1 - IPE 500 | L : 1.575 m
1;171;125;0.000;;-34.66;0.01;-23.42;0.00;16.01;-0.02;Beam | 1 - IPE 500 | L : 1.650 m
1;171;124;1.650;;-34.86;0.01;-25.43;0.00;-24.30;-0.02;Beam | 1 - IPE 500 | L : 1.650 m
1;172;124;0.000;;-35.28;-0.01;-29.76;0.00;-24.35;-0.02;Beam | 1 - IPE 500 | L : 1.650 m
1;172;123;1.650;;-35.50;0.00;-31.74;0.00;-75.10;-0.02;Beam | 1 - IPE 500 | L : 1.650 m
1;173;123;0.000;;-35.92;-0.01;-36.07;-0.01;-75.16;-0.02;Beam | 1 - IPE 500 | L : 1.650 m
1;173;16;1.650;;-36.19;-0.01;-38.02;-0.01;-136.30;-0.02;Beam | 1 - IPE 500 | L : 1.650 m
Extremes;87;35;0.150;N;-29.61;0.10;-4.63;0.02;66.14;-0.18;Beam | 1 - IPE 500 | L : 0.150 m
1;21;24;0.000;N;-51.24;0.69;36.75;0.00;0.00;0.00;Beam | 1 - IPE 500 | L : 4.000 m
1;21;24;0.000;V_y;-51.24;0.69;36.75;0.00;0.00;0.00;Beam | 1 - IPE 500 | L : 4.000 m
1;21;23;4.000;V_y;-46.45;-0.65;32.59;-0.02;136.64;0.00;Beam | 1 - IPE 500 | L : 4.000 m
1;21;24;0.000;V_z;-51.24;0.69;36.75;0.00;0.00;0.00;Beam | 1 - IPE 500 | L : 4.000 m
1;147;23;1.650;V_z;-36.10;-0.01;-38.09;-0.01;-136.61;-0.02;Beam | 1 - IPE 500 | L : 1.650 m
1;87;52;0.000;M_T;-29.63;0.10;-4.45;0.02;66.82;-0.17;Beam | 1 - IPE 500 | L : 0.150 m
1;21;23;4.000;M_T;-46.45;-0.65;32.59;-0.02;136.64;0.00;Beam | 1 - IPE 500 | L : 4.000 m
1;21;23;4.000;M_y;-46.45;-0.65;32.59;-0.02;136.64;0.00;Beam | 1 - IPE 500 | L : 4.000 m
1;147;23;1.650;M_y;-36.10;-0.01;-38.09;-0.01;-136.61;-0.02;Beam | 1 - IPE 500 | L : 1.650 m
1;13;14;0.000;M_z;-32.86;0.08;0.58;0.01;68.54;0.12;Beam | 1 - IPE 500 | L : 0.150 m
1;21;;2.000;M_z;-48.83;-0.01;33.86;0.00;70.57;-0.67;Beam | 1 - IPE 500 | L : 4.000 m
Total;;;;;-29.61;0.69;36.75;0.02;136.64;0.12;
1;;;;;-51.24;-0.65;-38.09;-0.02;-136.61;-0.67;
;;;;;;;;;;;
2;HEA 160 | 1 - S235;;;;;;;;;;
2;1;1;0.000;;-6.69;-4.80;2.41;0.01;0.00;0.00;Beam | 2 - HEA 160 | L : 4.000 m
2;1;1;0.000;;-6.69;-4.80;2.41;0.01;0.00;0.00;Beam | 2 - HEA 160 | L : 4.000 m
2;1;;1.500;;-6.09;-0.76;-0.16;0.01;1.70;4.18;Beam | 2 - HEA 160 | L : 4.000 m
2;1;;1.500;;-6.09;-0.76;-0.16;0.01;1.70;4.18;Beam | 2 - HEA 160 | L : 4.000 m
2;1;;1.738;;-6.00;-0.12;-0.55;0.01;1.61;4.28;Beam | 2 - HEA 160 | L : 4.000 m
2;1;;2.190;;-5.81;1.01;-1.18;0.01;1.22;4.07;Beam | 2 - HEA 160 | L : 4.000 m
2;1;2;4.000;;-5.05;3.06;-2.31;0.00;-2.27;-0.26;Beam | 2 - HEA 160 | L : 4.000 m
2;1;2;4.000;;-5.05;3.06;-2.31;0.00;-2.27;-0.26;Beam | 2 - HEA 160 | L : 4.000 m
2;6;7;0.000;;-5.59;-2.08;1.76;-0.01;0.00;0.00;Beam | 2 - HEA 160 | L : 4.000 m
2;6;7;0.000;;-5.59;-2.08;1.76;-0.01;0.00;0.00;Beam | 2 - HEA 160 | L : 4.000 m
2;6;;1.500;;-4.98;-0.31;0.66;-0.01;1.81;1.79;Beam | 2 - HEA 160 | L : 4.000 m
2;6;;1.500;;-4.98;-0.31;0.66;-0.01;1.81;1.79;Beam | 2 - HEA 160 | L : 4.000 m
2;6;;1.738;;-4.89;-0.03;0.49;-0.01;1.95;1.83;Beam | 2 - HEA 160 | L : 4.000 m
2;6;6;4.000;;-3.95;1.28;-0.26;0.00;1.93;-0.11;Beam | 2 - HEA 160 | L : 4.000 m
2;6;6;4.000;;-3.95;1.28;-0.26;0.00;1.93;-0.11;Beam | 2 - HEA 160 | L : 4.000 m
2;7;8;0.000;;-10.72;0.00;7.73;0.00;0.00;0.00;Beam | 2 - HEA 160 | L : 4.500 m
2;7;8;0.000;;-10.72;0.00;7.73;0.00;0.00;0.00;Beam | 2 - HEA 160 | L : 4.500 m
2;7;;1.738;;-10.03;0.00;1.06;0.00;7.64;0.00;Beam | 2 - HEA 160 | L : 4.500 m
2;7;;2.238;;-9.83;0.00;-0.78;0.00;7.70;0.00;Beam | 2 - HEA 160 | L : 4.500 m
2;7;3;4.500;;-8.88;0.00;-4.68;0.00;0.00;0.00;Beam | 2 - HEA 160 | L : 4.500 m
2;7;3;4.500;;-8.88;0.00;-4.68;0.00;0.00;0.00;Beam | 2 - HEA 160 | L : 4.500 m
2;8;9;0.000;;-16.71;0.00;6.92;0.00;0.00;0.00;Beam | 2 - HEA 160 | L : 5.000 m
2;8;9;0.000;;-16.71;0.00;6.92;0.00;0.00;0.00;Beam | 2 - HEA 160 | L : 5.000 m
2;8;;2.238;;-15.82;0.00;0.01;0.00;7.78;0.00;Beam | 2 - HEA 160 | L : 5.000 m
2;8;4;5.000;;-14.67;0.00;-4.16;0.00;0.00;0.00;Beam | 2 - HEA 160 | L : 5.000 m
2;8;4;5.000;;-14.67;0.00;-4.16;0.00;0.00;0.00;Beam | 2 - HEA 160 | L : 5.000 m
2;9;10;0.000;;-11.00;0.00;4.77;0.00;0.00;0.00;Beam | 2 - HEA 160 | L : 4.500 m
2;9;10;0.000;;-11.00;0.00;4.77;0.00;0.00;0.00;Beam | 2 - HEA 160 | L : 4.500 m
2;9;;1.738;;-10.30;0.00;0.65;0.00;4.71;0.00;Beam | 2 - HEA 160 | L : 4.500 m
2;9;;2.238;;-10.09;0.00;-0.49;0.00;4.74;0.00;Beam | 2 - HEA 160 | L : 4.500 m
2;9;5;4.500;;-9.16;0.00;-2.86;0.00;0.00;0.00;Beam | 2 - HEA 160 | L : 4.500 m
2;9;5;4.500;;-9.16;0.00;-2.86;0.00;0.00;0.00;Beam | 2 - HEA 160 | L : 4.500 m
2;34;39;0.000;;-6.68;5.01;2.41;-0.01;0.00;0.00;Beam | 2 - HEA 160 | L : 4.000 m
2;34;39;0.000;;-6.68;5.01;2.41;-0.01;0.00;0.00;Beam | 2 - HEA 160 | L : 4.000 m
2;34;;1.500;;-6.09;0.81;-0.16;-0.01;1.70;-4.37;Beam | 2 - HEA 160 | L : 4.000 m
2;34;;1.500;;-6.09;0.81;-0.16;-0.01;1.70;-4.37;Beam | 2 - HEA 160 | L : 4.000 m
2;34;;1.738;;-6.00;0.14;-0.55;-0.01;1.61;-4.48;Beam | 2 - HEA 160 | L : 4.000 m
2;34;;2.190;;-5.81;-1.04;-1.18;-0.01;1.22;-4.27;Beam | 2 - HEA 160 | L : 4.000 m
2;34;40;4.000;;-5.05;-3.24;-2.31;0.00;-2.27;0.25;Beam | 2 - HEA 160 | L : 4.000 m
2;34;40;4.000;;-5.05;-3.24;-2.31;0.00;-2.27;0.25;Beam | 2 - HEA 160 | L : 4.000 m
2;39;45;0.000;;-5.59;2.25;1.76;0.01;0.00;0.00;Beam | 2 - HEA 160 | L : 4.000 m
2;39;45;0.000;;-5.59;2.25;1.76;0.01;0.00;0.00;Beam | 2 - HEA 160 | L : 4.000 m
2;39;;1.500;;-4.98;0.34;0.66;0.01;1.81;-1.95;Beam | 2 - HEA 160 | L : 4.000 m
2;39;;1.500;;-4.98;0.34;0.66;0.01;1.81;-1.95;Beam | 2 - HEA 160 | L : 4.000 m
2;39;;1.738;;-4.89;0.04;0.49;0.01;1.95;-1.99;Beam | 2 - HEA 160 | L : 4.000 m
2;39;44;4.000;;-3.95;-1.43;-0.26;0.00;1.93;0.10;Beam | 2 - HEA 160 | L : 4.000 m
2;39;44;4.000;;-3.95;-1.43;-0.26;0.00;1.93;0.10;Beam | 2 - HEA 160 | L : 4.000 m
2;40;46;0.000;;-10.72;0.00;-8.07;0.00;0.00;0.00;Beam | 2 - HEA 160 | L : 4.500 m
2;40;46;0.000;;-10.72;0.00;-8.07;0.00;0.00;0.00;Beam | 2 - HEA 160 | L : 4.500 m
2;40;;1.738;;-10.03;0.00;-1.12;0.00;-7.99;0.00;Beam | 2 - HEA 160 | L : 4.500 m
2;40;;2.238;;-9.83;0.00;0.79;0.00;-8.07;0.00;Beam | 2 - HEA 160 | L : 4.500 m
2;40;41;4.500;;-8.88;0.00;4.99;0.00;0.00;0.00;Beam | 2 - HEA 160 | L : 4.500 m
2;40;41;4.500;;-8.88;0.00;4.99;0.00;0.00;0.00;Beam | 2 - HEA 160 | L : 4.500 m
2;41;47;0.000;;-16.71;0.00;-7.46;0.00;0.00;0.00;Beam | 2 - HEA 160 | L : 5.000 m
2;41;47;0.000;;-16.71;0.00;-7.46;0.00;0.00;0.00;Beam | 2 - HEA 160 | L : 5.000 m
2;41;;2.238;;-15.82;0.00;-0.05;0.00;-8.42;0.00;Beam | 2 - HEA 160 | L : 5.000 m
2;41;42;5.000;;-14.67;0.00;4.66;0.00;0.00;0.00;Beam | 2 - HEA 160 | L : 5.000 m
2;41;42;5.000;;-14.67;0.00;4.66;0.00;0.00;0.00;Beam | 2 - HEA 160 | L : 5.000 m
2;42;48;0.000;;-11.00;0.00;-5.11;0.00;0.00;0.00;Beam | 2 - HEA 160 | L : 4.500 m
2;42;48;0.000;;-11.00;0.00;-5.11;0.00;0.00;0.00;Beam | 2 - HEA 160 | L : 4.500 m
2;42;;1.738;;-10.30;0.00;-0.71;0.00;-5.07;0.00;Beam | 2 - HEA 160 | L : 4.500 m
2;42;;2.238;;-10.09;0.00;0.50;0.00;-5.12;0.00;Beam | 2 - HEA 160 | L : 4.500 m
2;42;43;4.500;;-9.16;0.00;3.18;0.00;0.00;0.00;Beam | 2 - HEA 160 | L : 4.500 m
2;42;43;4.500;;-9.16;0.00;3.18;0.00;0.00;0.00;Beam | 2 - HEA 160 | L : 4.500 m
Extremes;39;44;4.000;N;-3.95;-1.43;-0.26;0.00;1.93;0.10;Beam | 2 - HEA 160 | L : 4.000 m
2;8;9;0.000;N;-16.71;0.00;6.92;0.00;0.00;0.00;Beam | 2 - HEA 160 | L : 5.000 m
2;34;39;0.000;V_y;-6.68;5.01;2.41;-0.01;0.00;0.00;Beam | 2 - HEA 160 | L : 4.000 m
2;1;1;0.000;V_y;-6.69;-4.80;2.41;0.01;0.00;0.00;Beam | 2 - HEA 160 | L : 4.000 m
2;7;8;0.000;V_z;-10.72;0.00;7.73;0.00;0.00;0.00;Beam | 2 - HEA 160 | L : 4.500 m
2;40;46;0.000;V_z;-10.72;0.00;-8.07;0.00;0.00;0.00;Beam | 2 - HEA 160 | L : 4.500 m
2;1;;2.500;M_T;-5.68;1.66;-1.53;0.01;0.80;3.65;Beam | 2 - HEA 160 | L : 4.000 m
2;34;;2.500;M_T;-5.68;-1.72;-1.53;-0.01;0.80;-3.84;Beam | 2 - HEA 160 | L : 4.000 m
2;7;;2.000;M_y;-9.92;0.00;0.07;0.00;7.79;0.00;Beam | 2 - HEA 160 | L : 4.500 m
2;41;;2.238;M_y;-15.82;0.00;-0.05;0.00;-8.42;0.00;Beam | 2 - HEA 160 | L : 5.000 m
2;1;;1.738;M_z;-6.00;-0.12;-0.55;0.01;1.61;4.28;Beam | 2 - HEA 160 | L : 4.000 m
2;34;;1.738;M_z;-6.00;0.14;-0.55;-0.01;1.61;-4.48;Beam | 2 - HEA 160 | L : 4.000 m
Total;;;;;-3.95;5.01;7.73;0.01;7.79;4.28;
2;;;;;-16.71;-4.80;-8.07;-0.01;-8.42;-4.48;
;;;;;;;;;;;
3;HEA 140 | 1 - S235;;;;;;;;;;
3;2;2;0.000;;-4.76;-1.99;3.16;0.11;-3.19;-0.02;Beam | 3 - HEA 140 | L : 1.650 m
3;2;;0.825;;-4.74;-1.51;2.90;0.10;-0.68;1.50;Beam | 3 - HEA 140 | L : 1.650 m
3;2;;0.825;;-4.74;-1.51;2.90;0.10;-0.68;1.50;Beam | 3 - HEA 140 | L : 1.650 m
3;2;;1.005;;-4.73;-1.29;2.84;0.10;-0.16;1.75;Beam | 3 - HEA 140 | L : 1.650 m
3;2;139;1.650;;-4.72;-0.15;2.60;0.10;1.62;2.24;Beam | 3 - HEA 140 | L : 1.650 m
3;3;3;0.000;;-4.80;-2.49;3.16;0.06;-3.33;-2.86;Beam | 3 - HEA 140 | L : 1.575 m
3;3;;0.787;;-4.77;-2.21;2.92;0.06;-0.95;-0.96;Beam | 3 - HEA 140 | L : 1.575 m
3;3;;0.787;;-4.77;-2.21;2.92;0.06;-0.95;-0.96;Beam | 3 - HEA 140 | L : 1.575 m
3;3;142;1.575;;-4.75;-1.39;2.66;0.06;1.25;0.49;Beam | 3 - HEA 140 | L : 1.575 m
3;4;4;0.000;;1.59;-1.17;4.44;0.06;-2.79;-1.68;Beam | 3 - HEA 140 | L : 0.150 m
3;4;;0.075;;1.59;-1.16;4.42;0.06;-2.46;-1.59;Beam | 3 - HEA 140 | L : 0.150 m
3;4;;0.075;;1.59;-1.16;4.42;0.06;-2.46;-1.59;Beam | 3 - HEA 140 | L : 0.150 m
3;4;156;0.150;;1.59;-1.16;4.40;0.06;-2.13;-1.50;Beam | 3 - HEA 140 | L : 0.150 m
3;5;5;0.000;;1.74;-0.32;5.53;0.28;-3.91;-1.61;Beam | 3 - HEA 140 | L : 0.075 m
3;5;;0.037;;1.74;-0.31;5.52;0.28;-3.70;-1.60;Beam | 3 - HEA 140 | L : 0.075 m
3;5;;0.037;;1.74;-0.31;5.52;0.28;-3.70;-1.60;Beam | 3 - HEA 140 | L : 0.075 m
3;5;153;0.075;;1.74;-0.30;5.51;0.28;-3.50;-1.58;Beam | 3 - HEA 140 | L : 0.075 m
3;35;40;0.000;;-4.76;1.98;3.16;-0.11;-3.19;0.02;Beam | 3 - HEA 140 | L : 1.650 m
3;35;;0.825;;-4.74;1.50;2.90;-0.10;-0.68;-1.50;Beam | 3 - HEA 140 | L : 1.650 m
3;35;;0.825;;-4.74;1.50;2.90;-0.10;-0.68;-1.50;Beam | 3 - HEA 140 | L : 1.650 m
3;35;;1.005;;-4.73;1.28;2.84;-0.10;-0.16;-1.75;Beam | 3 - HEA 140 | L : 1.650 m
3;35;116;1.650;;-4.72;0.14;2.60;-0.10;1.62;-2.23;Beam | 3 - HEA 140 | L : 1.650 m
3;36;41;0.000;;-4.80;2.49;3.16;-0.06;-3.33;2.86;Beam | 3 - HEA 140 | L : 1.575 m
3;36;;0.787;;-4.77;2.21;2.92;-0.06;-0.95;0.96;Beam | 3 - HEA 140 | L : 1.575 m
3;36;;0.787;;-4.77;2.21;2.92;-0.06;-0.95;0.96;Beam | 3 - HEA 140 | L : 1.575 m
3;36;120;1.575;;-4.75;1.39;2.66;-0.06;1.25;-0.49;Beam | 3 - HEA 140 | L : 1.575 m
3;37;42;0.000;;1.59;1.16;4.44;-0.06;-2.79;1.66;Beam | 3 - HEA 140 | L : 0.150 m
3;37;;0.075;;1.59;1.16;4.42;-0.06;-2.46;1.57;Beam | 3 - HEA 140 | L : 0.150 m
3;37;;0.075;;1.59;1.16;4.42;-0.06;-2.46;1.57;Beam | 3 - HEA 140 | L : 0.150 m
3;37;134;0.150;;1.59;1.15;4.40;-0.06;-2.13;1.48;Beam | 3 - HEA 140 | L : 0.150 m
3;38;43;0.000;;1.74;0.32;5.53;-0.28;-3.91;1.61;Beam | 3 - HEA 140 | L : 0.075 m
3;38;131;0.075;;1.74;0.30;5.51;-0.28;-3.50;1.58;Beam | 3 - HEA 140 | L : 0.075 m
3;188;139;0.000;;-4.50;-0.84;0.41;-0.02;1.58;2.24;Beam | 3 - HEA 140 | L : 1.650 m
3;188;;0.160;;-4.50;-0.48;0.35;-0.02;1.64;2.35;Beam | 3 - HEA 140 | L : 1.650 m
3;188;;0.360;;-4.49;-0.07;0.27;-0.02;1.70;2.40;Beam | 3 - HEA 140 | L : 1.650 m
3;188;;0.612;;-4.48;0.40;0.17;-0.02;1.75;2.36;Beam | 3 - HEA 140 | L : 1.650 m
3;188;;0.825;;-4.48;0.80;0.08;-0.02;1.78;2.24;Beam | 3 - HEA 140 | L : 1.650 m
3;188;;0.825;;-4.48;0.80;0.08;-0.02;1.78;2.24;Beam | 3 - HEA 140 | L : 1.650 m
3;188;140;1.650;;-4.44;2.04;-0.23;-0.01;1.71;1.04;Beam | 3 - HEA 140 | L : 1.650 m
3;189;140;0.000;;-4.23;1.62;-2.43;-0.08;1.67;1.04;Beam | 3 - HEA 140 | L : 1.650 m
3;189;;0.825;;-4.20;2.40;-2.70;-0.09;-0.45;-0.65;Beam | 3 - HEA 140 | L : 1.650 m
3;189;;0.825;;-4.20;2.40;-2.70;-0.09;-0.45;-0.65;Beam | 3 - HEA 140 | L : 1.650 m
3;189;;1.067;;-4.19;2.54;-2.78;-0.09;-1.11;-1.25;Beam | 3 - HEA 140 | L : 1.650 m
3;189;141;1.650;;-4.17;2.71;-2.95;-0.09;-2.76;-2.81;Beam | 3 - HEA 140 | L : 1.650 m
3;190;141;0.000;;-3.96;0.49;-5.14;-0.49;-2.80;-2.81;Beam | 3 - HEA 140 | L : 0.075 m
3;190;;0.037;;-3.96;0.50;-5.15;-0.49;-2.99;-2.84;Beam | 3 - HEA 140 | L : 0.075 m
3;190;;0.037;;-3.96;0.50;-5.15;-0.49;-2.99;-2.84;Beam | 3 - HEA 140 | L : 0.075 m
3;190;3;0.075;;-3.96;0.52;-5.16;-0.49;-3.17;-2.86;Beam | 3 - HEA 140 | L : 0.075 m
3;191;142;0.000;;-4.53;-1.67;0.45;0.01;1.21;0.49;Beam | 3 - HEA 140 | L : 1.650 m
3;191;;0.688;;-4.51;-0.53;0.20;0.01;1.43;1.27;Beam | 3 - HEA 140 | L : 1.650 m
3;191;;0.825;;-4.51;-0.27;0.15;0.01;1.46;1.32;Beam | 3 - HEA 140 | L : 1.650 m
3;191;;0.825;;-4.51;-0.27;0.15;0.01;1.46;1.32;Beam | 3 - HEA 140 | L : 1.650 m
3;191;143;1.650;;-4.48;1.02;-0.15;0.01;1.46;0.98;Beam | 3 - HEA 140 | L : 1.650 m
3;192;143;0.000;;-4.26;0.68;-2.36;-0.05;1.42;0.98;Beam | 3 - HEA 140 | L : 1.650 m
3;192;;0.825;;-4.23;1.50;-2.64;-0.05;-0.65;0.05;Beam | 3 - HEA 140 | L : 1.650 m
3;192;;0.825;;-4.23;1.50;-2.64;-0.05;-0.65;0.05;Beam | 3 - HEA 140 | L : 1.650 m
3;192;145;1.650;;-4.21;1.84;-2.91;-0.05;-2.93;-1.38;Beam | 3 - HEA 140 | L : 1.650 m
3;193;145;0.000;;-4.07;1.52;-4.30;-0.11;-2.96;-1.38;Beam | 3 - HEA 140 | L : 0.150 m
3;193;;0.075;;-4.07;1.53;-4.33;-0.11;-3.28;-1.50;Beam | 3 - HEA 140 | L : 0.150 m
3;193;;0.075;;-4.07;1.53;-4.33;-0.11;-3.28;-1.50;Beam | 3 - HEA 140 | L : 0.150 m
3;193;4;0.150;;-4.07;1.54;-4.35;-0.11;-3.60;-1.61;Beam | 3 - HEA 140 | L : 0.150 m
3;194;156;0.000;;1.45;-1.40;2.68;0.02;-2.11;-1.50;Beam | 3 - HEA 140 | L : 1.650 m
3;194;;0.825;;1.43;-1.19;2.34;0.02;-0.03;-0.41;Beam | 3 - HEA 140 | L : 1.650 m
3;194;;0.825;;1.43;-1.19;2.34;0.02;-0.03;-0.41;Beam | 3 - HEA 140 | L : 1.650 m
3;194;;0.855;;1.42;-1.18;2.33;0.02;0.04;-0.37;Beam | 3 - HEA 140 | L : 1.650 m
3;194;155;1.650;;1.40;-0.68;2.07;0.02;1.79;0.38;Beam | 3 - HEA 140 | L : 1.650 m
3;195;155;0.000;;1.18;-0.79;-0.11;0.00;1.83;0.38;Beam | 3 - HEA 140 | L : 1.650 m
3;195;;0.962;;1.15;0.18;-0.43;0.00;1.57;0.71;Beam | 3 - HEA 140 | L : 1.650 m
3;195;154;1.650;;1.13;0.89;-0.66;0.00;1.19;0.33;Beam | 3 - HEA 140 | L : 1.650 m
3;196;154;0.000;;0.91;0.72;-2.83;-0.03;1.23;0.33;Beam | 3 - HEA 140 | L : 1.575 m
3;196;;0.928;;0.88;1.28;-3.13;-0.03;-1.53;-0.64;Beam | 3 - HEA 140 | L : 1.575 m
3;196;5;1.575;;0.85;1.41;-3.34;-0.03;-3.63;-1.53;Beam | 3 - HEA 140 | L : 1.575 m
3;197;153;0.000;;1.52;-1.57;3.34;0.05;-3.46;-1.58;Beam | 3 - HEA 140 | L : 1.650 m
3;197;152;1.650;;1.47;-0.88;2.80;0.05;1.61;0.61;Beam | 3 - HEA 140 | L : 1.650 m
3;198;152;0.000;;1.25;-1.12;0.64;0.01;1.65;0.61;Beam | 3 - HEA 140 | L : 1.650 m
3;198;;0.825;;1.22;-0.34;0.36;0.01;2.07;1.23;Beam | 3 - HEA 140 | L : 1.650 m
3;198;;0.825;;1.22;-0.34;0.36;0.01;2.07;1.23;Beam | 3 - HEA 140 | L : 1.650 m
3;198;;1.038;;1.21;-0.10;0.29;0.01;2.13;1.28;Beam | 3 - HEA 140 | L : 1.650 m
3;198;151;1.650;;1.19;0.55;0.07;0.01;2.25;1.12;Beam | 3 - HEA 140 | L : 1.650 m
3;199;151;0.000;;0.98;0.16;-2.09;-0.05;2.29;1.12;Beam | 3 - HEA 140 | L : 1.650 m
3;199;6;1.650;;0.92;0.93;-2.63;-0.06;-1.62;0.03;Beam | 3 - HEA 140 | L : 1.650 m
3;214;116;0.000;;-4.50;0.84;0.41;0.02;1.58;-2.23;Beam | 3 - HEA 140 | L : 1.650 m
3;214;;0.160;;-4.50;0.48;0.35;0.02;1.64;-2.34;Beam | 3 - HEA 140 | L : 1.650 m
3;214;;0.360;;-4.49;0.08;0.27;0.02;1.70;-2.39;Beam | 3 - HEA 140 | L : 1.650 m
3;214;;0.612;;-4.48;-0.39;0.17;0.02;1.75;-2.36;Beam | 3 - HEA 140 | L : 1.650 m
3;214;;0.825;;-4.48;-0.79;0.08;0.02;1.78;-2.23;Beam | 3 - HEA 140 | L : 1.650 m
3;214;;0.825;;-4.48;-0.79;0.08;0.02;1.78;-2.23;Beam | 3 - HEA 140 | L : 1.650 m
3;214;118;1.650;;-4.44;-2.04;-0.23;0.01;1.71;-1.03;Beam | 3 - HEA 140 | L : 1.650 m
3;215;118;0.000;;-4.23;-1.61;-2.43;0.08;1.67;-1.04;Beam | 3 - HEA 140 | L : 1.650 m
3;215;;0.825;;-4.20;-2.40;-2.70;0.09;-0.45;0.65;Beam | 3 - HEA 140 | L : 1.650 m
3;215;;0.825;;-4.20;-2.40;-2.70;0.09;-0.45;0.65;Beam | 3 - HEA 140 | L : 1.650 m
3;215;119;1.650;;-4.17;-2.71;-2.95;0.09;-2.77;2.80;Beam | 3 - HEA 140 | L : 1.650 m
3;216;119;0.000;;-3.96;-0.48;-5.14;0.49;-2.80;2.80;Beam | 3 - HEA 140 | L : 0.075 m
3;216;;0.037;;-3.96;-0.50;-5.15;0.49;-2.99;2.83;Beam | 3 - HEA 140 | L : 0.075 m
3;216;;0.037;;-3.96;-0.50;-5.15;0.49;-2.99;2.83;Beam | 3 - HEA 140 | L : 0.075 m
3;216;41;0.075;;-3.96;-0.51;-5.16;0.49;-3.17;2.86;Beam | 3 - HEA 140 | L : 0.075 m
3;217;120;0.000;;-4.53;1.67;0.45;-0.01;1.21;-0.49;Beam | 3 - HEA 140 | L : 1.650 m
3;217;;0.688;;-4.51;0.53;0.20;-0.01;1.43;-1.27;Beam | 3 - HEA 140 | L : 1.650 m
3;217;;0.825;;-4.51;0.27;0.15;-0.01;1.46;-1.33;Beam | 3 - HEA 140 | L : 1.650 m
3;217;;0.825;;-4.51;0.27;0.15;-0.01;1.46;-1.33;Beam | 3 - HEA 140 | L : 1.650 m
3;217;121;1.650;;-4.48;-1.02;-0.15;-0.01;1.46;-0.99;Beam | 3 - HEA 140 | L : 1.650 m
3;218;121;0.000;;-4.26;-0.67;-2.36;0.05;1.42;-0.99;Beam | 3 - HEA 140 | L : 1.650 m
3;218;;0.825;;-4.23;-1.50;-2.64;0.05;-0.65;-0.06;Beam | 3 - HEA 140 | L : 1.650 m
3;218;;0.825;;-4.23;-1.50;-2.64;0.05;-0.65;-0.06;Beam | 3 - HEA 140 | L : 1.650 m
3;218;122;1.650;;-4.21;-1.84;-2.91;0.05;-2.93;1.36;Beam | 3 - HEA 140 | L : 1.650 m
3;219;122;0.000;;-4.07;-1.51;-4.30;0.11;-2.96;1.36;Beam | 3 - HEA 140 | L : 0.150 m
3;219;;0.075;;-4.07;-1.52;-4.33;0.11;-3.28;1.48;Beam | 3 - HEA 140 | L : 0.150 m
3;219;;0.075;;-4.07;-1.52;-4.33;0.11;-3.28;1.48;Beam | 3 - HEA 140 | L : 0.150 m
3;219;42;0.150;;-4.07;-1.53;-4.35;0.11;-3.60;1.59;Beam | 3 - HEA 140 | L : 0.150 m
3;220;134;0.000;;1.45;1.39;2.68;-0.02;-2.11;1.48;Beam | 3 - HEA 140 | L : 1.650 m
3;220;;0.825;;1.43;1.18;2.34;-0.02;-0.03;0.39;Beam | 3 - HEA 140 | L : 1.650 m
3;220;;0.825;;1.43;1.18;2.34;-0.02;-0.03;0.39;Beam | 3 - HEA 140 | L : 1.650 m
3;220;;0.855;;1.42;1.17;2.33;-0.02;0.04;0.36;Beam | 3 - HEA 140 | L : 1.650 m
3;220;133;1.650;;1.40;0.67;2.07;-0.02;1.79;-0.39;Beam | 3 - HEA 140 | L : 1.650 m
3;221;133;0.000;;1.18;0.79;-0.11;0.00;1.83;-0.39;Beam | 3 - HEA 140 | L : 1.650 m
3;221;;0.962;;1.15;-0.18;-0.43;0.00;1.57;-0.71;Beam | 3 - HEA 140 | L : 1.650 m
3;221;132;1.650;;1.13;-0.89;-0.66;0.00;1.19;-0.33;Beam | 3 - HEA 140 | L : 1.650 m
3;222;132;0.000;;0.91;-0.72;-2.83;0.03;1.23;-0.33;Beam | 3 - HEA 140 | L : 1.575 m
3;222;;0.928;;0.88;-1.29;-3.13;0.03;-1.53;0.64;Beam | 3 - HEA 140 | L : 1.575 m
3;222;43;1.575;;0.85;-1.41;-3.34;0.03;-3.63;1.53;Beam | 3 - HEA 140 | L : 1.575 m
3;223;131;0.000;;1.52;1.56;3.34;-0.05;-3.46;1.58;Beam | 3 - HEA 140 | L : 1.650 m
3;223;;0.456;;1.51;1.49;3.20;-0.05;-1.97;0.87;Beam | 3 - HEA 140 | L : 1.650 m
3;223;130;1.650;;1.47;0.87;2.80;-0.05;1.61;-0.60;Beam | 3 - HEA 140 | L : 1.650 m
3;224;130;0.000;;1.25;1.11;0.64;-0.01;1.65;-0.60;Beam | 3 - HEA 140 | L : 1.650 m
3;224;;1.038;;1.21;0.09;0.29;-0.01;2.13;-1.27;Beam | 3 - HEA 140 | L : 1.650 m
3;224;129;1.650;;1.19;-0.55;0.07;-0.01;2.25;-1.11;Beam | 3 - HEA 140 | L : 1.650 m
3;225;129;0.000;;0.98;-0.16;-2.09;0.06;2.29;-1.11;Beam | 3 - HEA 140 | L : 1.650 m
3;225;44;1.650;;0.92;-0.92;-2.63;0.06;-1.62;-0.03;Beam | 3 - HEA 140 | L : 1.650 m
Extremes;5;5;0.000;N;1.74;-0.32;5.53;0.28;-3.91;-1.61;Beam | 3 - HEA 140 | L : 0.075 m
3;36;41;0.000;N;-4.80;2.49;3.16;-0.06;-3.33;2.86;Beam | 3 - HEA 140 | L : 1.575 m
3;189;141;1.650;V_y;-4.17;2.71;-2.95;-0.09;-2.76;-2.81;Beam | 3 - HEA 140 | L : 1.650 m
3;215;119;1.650;V_y;-4.17;-2.71;-2.95;0.09;-2.77;2.80;Beam | 3 - HEA 140 | L : 1.650 m
3;5;5;0.000;V_z;1.74;-0.32;5.53;0.28;-3.91;-1.61;Beam | 3 - HEA 140 | L : 0.075 m
3;190;3;0.075;V_z;-3.96;0.52;-5.16;-0.49;-3.17;-2.86;Beam | 3 - HEA 140 | L : 0.075 m
3;216;119;0.000;M_T;-3.96;-0.48;-5.14;0.49;-2.80;2.80;Beam | 3 - HEA 140 | L : 0.075 m
3;190;141;0.000;M_T;-3.96;0.49;-5.14;-0.49;-2.80;-2.81;Beam | 3 - HEA 140 | L : 0.075 m
3;225;129;0.000;M_y;0.98;-0.16;-2.09;0.06;2.29;-1.11;Beam | 3 - HEA 140 | L : 1.650 m
3;38;43;0.000;M_y;1.74;0.32;5.53;-0.28;-3.91;1.61;Beam | 3 - HEA 140 | L : 0.075 m
3;36;41;0.000;M_z;-4.80;2.49;3.16;-0.06;-3.33;2.86;Beam | 3 - HEA 140 | L : 1.575 m
3;3;3;0.000;M_z;-4.80;-2.49;3.16;0.06;-3.33;-2.86;Beam | 3 - HEA 140 | L : 1.575 m
Total;;;;;1.74;2.71;5.53;0.49;2.29;2.86;
3;;;;;-4.80;-2.71;-5.16;-0.49;-3.91;-2.86;
;;;;;;;;;;;
4;Z 232Z23 | 1 - S235;;;;;;;;;;
4;90;55;0.000;;0.69;-0.24;2.21;0.00;0.00;0.00;Beam | 4 - Z 232Z23 | L : 5.000 m
4;90;;0.645;;0.68;-0.18;1.64;-0.01;1.24;0.14;Beam | 4 - Z 232Z23 | L : 5.000 m
4;90;;0.825;;0.68;-0.16;1.48;-0.01;1.52;0.17;Beam | 4 - Z 232Z23 | L : 5.000 m
4;90;;4.175;;0.68;0.16;-1.48;0.01;1.52;0.17;Beam | 4 - Z 232Z23 | L : 5.000 m
4;90;;4.355;;0.68;0.18;-1.64;0.01;1.24;0.14;Beam | 4 - Z 232Z23 | L : 5.000 m
4;90;49;5.000;;0.69;0.24;-2.21;0.00;0.00;0.00;Beam | 4 - Z 232Z23 | L : 5.000 m
4;92;26;0.000;;0.00;-0.13;1.19;0.00;0.00;0.00;Beam | 4 - Z 232Z23 | L : 5.000 m
4;92;33;5.000;;0.00;0.13;-1.19;0.00;0.00;0.00;Beam | 4 - Z 232Z23 | L : 5.000 m
4;93;57;0.000;;0.40;-0.25;2.21;0.00;0.00;0.00;Beam | 4 - Z 232Z23 | L : 5.000 m
4;93;;0.825;;0.40;-0.17;1.49;-0.01;1.52;0.17;Beam | 4 - Z 232Z23 | L : 5.000 m
4;93;;4.175;;0.40;0.17;-1.49;0.01;1.52;0.17;Beam | 4 - Z 232Z23 | L : 5.000 m
4;93;50;5.000;;0.40;0.25;-2.21;0.00;0.00;0.00;Beam | 4 - Z 232Z23 | L : 5.000 m
4;95;58;0.000;;2.18;-0.23;2.18;0.00;0.00;0.00;Beam | 4 - Z 232Z23 | L : 5.000 m
4;95;;0.037;;2.18;-0.22;2.15;0.00;0.08;0.01;Beam | 4 - Z 232Z23 | L : 5.000 m
4;95;;0.825;;2.17;-0.15;1.46;-0.01;1.50;0.15;Beam | 4 - Z 232Z23 | L : 5.000 m
4;95;;4.175;;2.17;0.15;-1.46;0.01;1.50;0.15;Beam | 4 - Z 232Z23 | L : 5.000 m
4;95;;4.963;;2.18;0.22;-2.15;0.00;0.08;0.01;Beam | 4 - Z 232Z23 | L : 5.000 m
4;95;51;5.000;;2.18;0.23;-2.18;0.00;0.00;0.00;Beam | 4 - Z 232Z23 | L : 5.000 m
4;97;59;0.000;;0.30;-0.24;2.21;0.00;0.00;0.00;Beam | 4 - Z 232Z23 | L : 5.000 m
4;97;;0.787;;0.30;-0.17;1.52;-0.01;1.47;0.16;Beam | 4 - Z 232Z23 | L : 5.000 m
4;97;;0.825;;0.30;-0.16;1.48;-0.01;1.52;0.17;Beam | 4 - Z 232Z23 | L : 5.000 m
4;97;;4.175;;0.30;0.16;-1.48;0.01;1.52;0.17;Beam | 4 - Z 232Z23 | L : 5.000 m
4;97;;4.213;;0.30;0.17;-1.52;0.01;1.47;0.16;Beam | 4 - Z 232Z23 | L : 5.000 m
4;97;54;5.000;;0.30;0.24;-2.21;0.00;0.00;0.00;Beam | 4 - Z 232Z23 | L : 5.000 m
4;99;60;0.000;;0.34;-0.24;2.21;0.00;0.00;0.00;Beam | 4 - Z 232Z23 | L : 5.000 m
4;99;;0.825;;0.34;-0.16;1.49;-0.01;1.53;0.17;Beam | 4 - Z 232Z23 | L : 5.000 m
4;99;;4.175;;0.34;0.16;-1.49;0.01;1.53;0.17;Beam | 4 - Z 232Z23 | L : 5.000 m
4;99;53;5.000;;0.34;0.24;-2.21;0.00;0.00;0.00;Beam | 4 - Z 232Z23 | L : 5.000 m
4;101;83;0.000;;0.70;-0.24;2.21;0.00;0.00;0.00;Beam | 4 - Z 232Z23 | L : 5.000 m
4;101;;0.645;;0.69;-0.18;1.64;-0.01;1.24;0.14;Beam | 4 - Z 232Z23 | L : 5.000 m
4;101;;0.825;;0.69;-0.16;1.48;-0.01;1.52;0.17;Beam | 4 - Z 232Z23 | L : 5.000 m
4;101;;4.175;;0.69;0.16;-1.48;0.01;1.52;0.17;Beam | 4 - Z 232Z23 | L : 5.000 m
4;101;;4.355;;0.69;0.18;-1.64;0.01;1.24;0.14;Beam | 4 - Z 232Z23 | L : 5.000 m
4;101;55;5.000;;0.70;0.24;-2.21;0.00;0.00;0.00;Beam | 4 - Z 232Z23 | L : 5.000 m
4;102;64;0.000;;0.38;-0.23;2.16;0.00;0.00;0.00;Beam | 4 - Z 232Z23 | L : 5.000 m
4;102;69;5.000;;0.38;0.23;-2.16;0.00;0.00;0.00;Beam | 4 - Z 232Z23 | L : 5.000 m
4;103;37;0.000;;0.00;-0.13;1.19;0.00;0.00;0.00;Beam | 4 - Z 232Z23 | L : 5.000 m
4;103;30;5.000;;0.00;0.13;-1.19;0.00;0.00;0.00;Beam | 4 - Z 232Z23 | L : 5.000 m
4;104;65;0.000;;0.23;-0.24;2.16;0.00;0.00;0.00;Beam | 4 - Z 232Z23 | L : 5.000 m
4;104;71;5.000;;0.23;0.24;-2.16;0.00;0.00;0.00;Beam | 4 - Z 232Z23 | L : 5.000 m
4;105;66;0.000;;1.23;-0.23;2.16;0.00;0.00;0.00;Beam | 4 - Z 232Z23 | L : 5.000 m
4;105;72;5.000;;1.23;0.23;-2.16;0.00;0.00;0.00;Beam | 4 - Z 232Z23 | L : 5.000 m
4;106;68;0.000;;0.19;-0.24;2.16;0.00;0.00;0.00;Beam | 4 - Z 232Z23 | L : 5.000 m
4;106;73;5.000;;0.19;0.24;-2.16;0.00;0.00;0.00;Beam | 4 - Z 232Z23 | L : 5.000 m
4;107;67;0.000;;0.13;-0.24;2.17;0.00;0.00;0.00;Beam | 4 - Z 232Z23 | L : 5.000 m
4;107;;0.795;;0.13;-0.16;1.48;-0.01;1.45;0.16;Beam | 4 - Z 232Z23 | L : 5.000 m
4;107;;0.825;;0.13;-0.16;1.46;-0.01;1.50;0.16;Beam | 4 - Z 232Z23 | L : 5.000 m
4;107;;4.175;;0.13;0.16;-1.46;0.01;1.50;0.16;Beam | 4 - Z 232Z23 | L : 5.000 m
4;107;;4.205;;0.13;0.16;-1.48;0.01;1.45;0.16;Beam | 4 - Z 232Z23 | L : 5.000 m
4;107;74;5.000;;0.13;0.24;-2.17;0.00;0.00;0.00;Beam | 4 - Z 232Z23 | L : 5.000 m
4;108;19;0.000;;0.00;-0.13;1.19;0.00;0.00;0.00;Beam | 4 - Z 232Z23 | L : 5.000 m
4;108;26;5.000;;0.00;0.13;-1.19;0.00;0.00;0.00;Beam | 4 - Z 232Z23 | L : 5.000 m
4;119;63;0.000;;0.36;-0.15;1.40;0.00;0.00;0.00;Beam | 4 - Z 232Z23 | L : 5.000 m
4;119;;0.075;;0.36;-0.15;1.35;0.00;0.10;0.01;Beam | 4 - Z 232Z23 | L : 5.000 m
4;119;;0.825;;0.36;-0.10;0.94;0.00;0.96;0.10;Beam | 4 - Z 232Z23 | L : 5.000 m
4;119;;4.175;;0.36;0.10;-0.94;0.00;0.96;0.10;Beam | 4 - Z 232Z23 | L : 5.000 m
4;119;;4.925;;0.36;0.15;-1.35;0.00;0.10;0.01;Beam | 4 - Z 232Z23 | L : 5.000 m
4;119;52;5.000;;0.36;0.15;-1.40;0.00;0.00;0.00;Beam | 4 - Z 232Z23 | L : 5.000 m
4;121;62;0.000;;0.30;-0.22;1.71;0.00;0.00;0.00;Beam | 4 - Z 232Z23 | L : 5.000 m
4;121;;0.075;;0.30;-0.21;1.67;0.00;0.13;0.02;Beam | 4 - Z 232Z23 | L : 5.000 m
4;121;;0.825;;0.29;-0.15;1.19;-0.01;1.20;0.15;Beam | 4 - Z 232Z23 | L : 5.000 m
4;121;;4.175;;0.29;0.15;-1.19;0.01;1.20;0.15;Beam | 4 - Z 232Z23 | L : 5.000 m
4;121;;4.925;;0.30;0.21;-1.67;0.00;0.13;0.02;Beam | 4 - Z 232Z23 | L : 5.000 m
4;121;76;5.000;;0.30;0.22;-1.71;0.00;0.00;0.00;Beam | 4 - Z 232Z23 | L : 5.000 m
4;124;84;0.000;;0.41;-0.25;2.21;0.00;0.00;0.00;Beam | 4 - Z 232Z23 | L : 5.000 m
4;124;;0.825;;0.41;-0.17;1.49;-0.01;1.52;0.17;Beam | 4 - Z 232Z23 | L : 5.000 m
4;124;;4.175;;0.41;0.17;-1.49;0.01;1.52;0.17;Beam | 4 - Z 232Z23 | L : 5.000 m
4;124;57;5.000;;0.41;0.25;-2.21;0.00;0.00;0.00;Beam | 4 - Z 232Z23 | L : 5.000 m
4;125;85;0.000;;2.16;-0.23;2.18;0.00;0.00;0.00;Beam | 4 - Z 232Z23 | L : 5.000 m
4;125;;0.037;;2.16;-0.22;2.15;0.00;0.08;0.01;Beam | 4 - Z 232Z23 | L : 5.000 m
4;125;;0.825;;2.16;-0.15;1.46;-0.01;1.50;0.15;Beam | 4 - Z 232Z23 | L : 5.000 m
4;125;;4.175;;2.16;0.15;-1.46;0.01;1.50;0.15;Beam | 4 - Z 232Z23 | L : 5.000 m
4;125;;4.963;;2.16;0.22;-2.15;0.00;0.08;0.01;Beam | 4 - Z 232Z23 | L : 5.000 m
4;125;58;5.000;;2.16;0.23;-2.18;0.00;0.00;0.00;Beam | 4 - Z 232Z23 | L : 5.000 m
4;126;86;0.000;;0.31;-0.24;2.21;0.00;0.00;0.00;Beam | 4 - Z 232Z23 | L : 5.000 m
4;126;;0.787;;0.31;-0.17;1.52;-0.01;1.47;0.16;Beam | 4 - Z 232Z23 | L : 5.000 m
4;126;;0.825;;0.31;-0.16;1.48;-0.01;1.52;0.17;Beam | 4 - Z 232Z23 | L : 5.000 m
4;126;;4.175;;0.31;0.16;-1.48;0.01;1.52;0.17;Beam | 4 - Z 232Z23 | L : 5.000 m
4;126;;4.213;;0.31;0.17;-1.52;0.01;1.47;0.16;Beam | 4 - Z 232Z23 | L : 5.000 m
4;126;59;5.000;;0.31;0.24;-2.21;0.00;0.00;0.00;Beam | 4 - Z 232Z23 | L : 5.000 m
4;127;87;0.000;;0.35;-0.24;2.21;0.00;0.00;0.00;Beam | 4 - Z 232Z23 | L : 5.000 m
4;127;;0.825;;0.34;-0.16;1.49;-0.01;1.53;0.17;Beam | 4 - Z 232Z23 | L : 5.000 m
4;127;;4.175;;0.34;0.16;-1.49;0.01;1.53;0.17;Beam | 4 - Z 232Z23 | L : 5.000 m
4;127;60;5.000;;0.35;0.24;-2.21;0.00;0.00;0.00;Beam | 4 - Z 232Z23 | L : 5.000 m
4;128;69;0.000;;0.38;-0.23;2.16;0.00;0.00;0.00;Beam | 4 - Z 232Z23 | L : 5.000 m
4;128;95;5.000;;0.38;0.23;-2.16;0.00;0.00;0.00;Beam | 4 - Z 232Z23 | L : 5.000 m
4;129;30;0.000;;0.00;-0.13;1.19;0.00;0.00;0.00;Beam | 4 - Z 232Z23 | L : 5.000 m
4;129;23;5.000;;0.00;0.13;-1.19;0.00;0.00;0.00;Beam | 4 - Z 232Z23 | L : 5.000 m
4;130;71;0.000;;0.23;-0.24;2.16;0.00;0.00;0.00;Beam | 4 - Z 232Z23 | L : 5.000 m
4;130;96;5.000;;0.23;0.24;-2.16;0.00;0.00;0.00;Beam | 4 - Z 232Z23 | L : 5.000 m
4;131;72;0.000;;1.22;-0.23;2.16;0.00;0.00;0.00;Beam | 4 - Z 232Z23 | L : 5.000 m
4;131;97;5.000;;1.22;0.23;-2.16;0.00;0.00;0.00;Beam | 4 - Z 232Z23 | L : 5.000 m
4;132;73;0.000;;0.19;-0.24;2.16;0.00;0.00;0.00;Beam | 4 - Z 232Z23 | L : 5.000 m
4;132;98;5.000;;0.19;0.24;-2.16;0.00;0.00;0.00;Beam | 4 - Z 232Z23 | L : 5.000 m
4;133;74;0.000;;0.14;-0.24;2.17;0.00;0.00;0.00;Beam | 4 - Z 232Z23 | L : 5.000 m
4;133;;0.795;;0.13;-0.16;1.48;-0.01;1.45;0.16;Beam | 4 - Z 232Z23 | L : 5.000 m
4;133;;0.825;;0.13;-0.16;1.46;-0.01;1.50;0.16;Beam | 4 - Z 232Z23 | L : 5.000 m
4;133;;4.175;;0.13;0.16;-1.46;0.01;1.50;0.16;Beam | 4 - Z 232Z23 | L : 5.000 m
4;133;;4.205;;0.13;0.16;-1.48;0.01;1.45;0.16;Beam | 4 - Z 232Z23 | L : 5.000 m
4;133;99;5.000;;0.14;0.24;-2.17;0.00;0.00;0.00;Beam | 4 - Z 232Z23 | L : 5.000 m
4;134;89;0.000;;0.37;-0.15;1.40;0.00;0.00;0.00;Beam | 4 - Z 232Z23 | L : 5.000 m
4;134;;0.075;;0.37;-0.15;1.35;0.00;0.10;0.01;Beam | 4 - Z 232Z23 | L : 5.000 m
4;134;;0.825;;0.37;-0.10;0.94;0.00;0.96;0.10;Beam | 4 - Z 232Z23 | L : 5.000 m
4;134;;4.175;;0.37;0.10;-0.94;0.00;0.96;0.10;Beam | 4 - Z 232Z23 | L : 5.000 m
4;134;;4.925;;0.37;0.15;-1.35;0.00;0.10;0.01;Beam | 4 - Z 232Z23 | L : 5.000 m
4;134;63;5.000;;0.37;0.15;-1.40;0.00;0.00;0.00;Beam | 4 - Z 232Z23 | L : 5.000 m
4;135;76;0.000;;0.31;-0.22;1.71;0.00;0.00;0.00;Beam | 4 - Z 232Z23 | L : 5.000 m
4;135;;0.075;;0.31;-0.21;1.67;0.00;0.13;0.02;Beam | 4 - Z 232Z23 | L : 5.000 m
4;135;;0.825;;0.31;-0.15;1.19;-0.01;1.20;0.15;Beam | 4 - Z 232Z23 | L : 5.000 m
4;135;;4.175;;0.31;0.15;-1.19;0.01;1.20;0.15;Beam | 4 - Z 232Z23 | L : 5.000 m
4;135;;4.925;;0.31;0.21;-1.67;0.00;0.13;0.02;Beam | 4 - Z 232Z23 | L : 5.000 m
4;135;100;5.000;;0.31;0.22;-1.71;0.00;0.00;0.00;Beam | 4 - Z 232Z23 | L : 5.000 m
4;148;111;0.000;;0.67;-0.24;2.21;0.00;0.00;0.00;Beam | 4 - Z 232Z23 | L : 5.000 m
4;148;;0.645;;0.66;-0.18;1.64;-0.01;1.24;0.14;Beam | 4 - Z 232Z23 | L : 5.000 m
4;148;;0.825;;0.66;-0.16;1.48;-0.01;1.52;0.17;Beam | 4 - Z 232Z23 | L : 5.000 m
4;148;;4.175;;0.66;0.16;-1.48;0.01;1.52;0.17;Beam | 4 - Z 232Z23 | L : 5.000 m
4;148;;4.355;;0.66;0.18;-1.64;0.01;1.24;0.14;Beam | 4 - Z 232Z23 | L : 5.000 m
4;148;83;5.000;;0.67;0.24;-2.21;0.00;0.00;0.00;Beam | 4 - Z 232Z23 | L : 5.000 m
4;149;12;0.000;;0.00;-0.13;1.19;0.00;0.00;0.00;Beam | 4 - Z 232Z23 | L : 5.000 m
4;149;19;5.000;;0.00;0.13;-1.19;0.00;0.00;0.00;Beam | 4 - Z 232Z23 | L : 5.000 m
4;150;112;0.000;;0.40;-0.25;2.21;0.00;0.00;0.00;Beam | 4 - Z 232Z23 | L : 5.000 m
4;150;;0.825;;0.40;-0.17;1.49;-0.01;1.52;0.17;Beam | 4 - Z 232Z23 | L : 5.000 m
4;150;;4.175;;0.40;0.17;-1.49;0.01;1.52;0.17;Beam | 4 - Z 232Z23 | L : 5.000 m
4;150;84;5.000;;0.40;0.25;-2.21;0.00;0.00;0.00;Beam | 4 - Z 232Z23 | L : 5.000 m
4;151;113;0.000;;2.18;-0.23;2.18;0.00;0.00;0.00;Beam | 4 - Z 232Z23 | L : 5.000 m
4;151;;0.037;;2.18;-0.22;2.15;0.00;0.08;0.01;Beam | 4 - Z 232Z23 | L : 5.000 m
4;151;;0.825;;2.17;-0.15;1.46;-0.01;1.50;0.15;Beam | 4 - Z 232Z23 | L : 5.000 m
4;151;;4.175;;2.17;0.15;-1.46;0.01;1.50;0.15;Beam | 4 - Z 232Z23 | L : 5.000 m
4;151;;4.963;;2.18;0.22;-2.15;0.00;0.08;0.01;Beam | 4 - Z 232Z23 | L : 5.000 m
4;151;85;5.000;;2.18;0.23;-2.18;0.00;0.00;0.00;Beam | 4 - Z 232Z23 | L : 5.000 m
4;152;114;0.000;;0.30;-0.24;2.21;0.00;0.00;0.00;Beam | 4 - Z 232Z23 | L : 5.000 m
4;152;;0.787;;0.30;-0.17;1.52;-0.01;1.47;0.16;Beam | 4 - Z 232Z23 | L : 5.000 m
4;152;;0.825;;0.30;-0.16;1.48;-0.01;1.52;0.17;Beam | 4 - Z 232Z23 | L : 5.000 m
4;152;;4.175;;0.30;0.16;-1.48;0.01;1.52;0.17;Beam | 4 - Z 232Z23 | L : 5.000 m
4;152;;4.213;;0.30;0.17;-1.52;0.01;1.47;0.16;Beam | 4 - Z 232Z23 | L : 5.000 m
4;152;86;5.000;;0.30;0.24;-2.21;0.00;0.00;0.00;Beam | 4 - Z 232Z23 | L : 5.000 m
4;153;115;0.000;;0.34;-0.24;2.21;0.00;0.00;0.00;Beam | 4 - Z 232Z23 | L : 5.000 m
4;153;;0.825;;0.33;-0.16;1.49;-0.01;1.53;0.17;Beam | 4 - Z 232Z23 | L : 5.000 m
4;153;;4.175;;0.33;0.16;-1.49;0.01;1.53;0.17;Beam | 4 - Z 232Z23 | L : 5.000 m
4;153;87;5.000;;0.34;0.24;-2.21;0.00;0.00;0.00;Beam | 4 - Z 232Z23 | L : 5.000 m
4;154;95;0.000;;0.37;-0.23;2.16;0.00;0.00;0.00;Beam | 4 - Z 232Z23 | L : 5.000 m
4;154;123;5.000;;0.37;0.23;-2.16;0.00;0.00;0.00;Beam | 4 - Z 232Z23 | L : 5.000 m
4;155;23;0.000;;0.00;-0.13;1.19;0.00;0.00;0.00;Beam | 4 - Z 232Z23 | L : 5.000 m
4;155;16;5.000;;0.00;0.13;-1.19;0.00;0.00;0.00;Beam | 4 - Z 232Z23 | L : 5.000 m
4;156;96;0.000;;0.23;-0.24;2.16;0.00;0.00;0.00;Beam | 4 - Z 232Z23 | L : 5.000 m
4;156;124;5.000;;0.23;0.24;-2.16;0.00;0.00;0.00;Beam | 4 - Z 232Z23 | L : 5.000 m
4;157;97;0.000;;1.24;-0.23;2.16;0.00;0.00;0.00;Beam | 4 - Z 232Z23 | L : 5.000 m
4;157;125;5.000;;1.24;0.23;-2.16;0.00;0.00;0.00;Beam | 4 - Z 232Z23 | L : 5.000 m
4;158;98;0.000;;0.18;-0.24;2.16;0.00;0.00;0.00;Beam | 4 - Z 232Z23 | L : 5.000 m
4;158;126;5.000;;0.18;0.24;-2.16;0.00;0.00;0.00;Beam | 4 - Z 232Z23 | L : 5.000 m
4;159;99;0.000;;0.12;-0.24;2.17;0.00;0.00;0.00;Beam | 4 - Z 232Z23 | L : 5.000 m
4;159;;0.795;;0.12;-0.16;1.48;-0.01;1.45;0.16;Beam | 4 - Z 232Z23 | L : 5.000 m
4;159;;0.825;;0.12;-0.16;1.46;-0.01;1.50;0.16;Beam | 4 - Z 232Z23 | L : 5.000 m
4;159;;4.175;;0.12;0.16;-1.46;0.01;1.50;0.16;Beam | 4 - Z 232Z23 | L : 5.000 m
4;159;;4.205;;0.12;0.16;-1.48;0.01;1.45;0.16;Beam | 4 - Z 232Z23 | L : 5.000 m
4;159;127;5.000;;0.12;0.24;-2.17;0.00;0.00;0.00;Beam | 4 - Z 232Z23 | L : 5.000 m
4;160;117;0.000;;0.35;-0.15;1.40;0.00;0.00;0.00;Beam | 4 - Z 232Z23 | L : 5.000 m
4;160;;0.075;;0.35;-0.15;1.35;0.00;0.10;0.01;Beam | 4 - Z 232Z23 | L : 5.000 m
4;160;;0.825;;0.35;-0.10;0.94;0.00;0.96;0.10;Beam | 4 - Z 232Z23 | L : 5.000 m
4;160;;4.175;;0.35;0.10;-0.94;0.00;0.96;0.10;Beam | 4 - Z 232Z23 | L : 5.000 m
4;160;;4.925;;0.35;0.15;-1.35;0.00;0.10;0.01;Beam | 4 - Z 232Z23 | L : 5.000 m
4;160;89;5.000;;0.35;0.15;-1.40;0.00;0.00;0.00;Beam | 4 - Z 232Z23 | L : 5.000 m
4;161;100;0.000;;0.28;-0.22;1.71;0.00;0.00;0.00;Beam | 4 - Z 232Z23 | L : 5.000 m
4;161;;0.075;;0.28;-0.21;1.67;0.00;0.13;0.02;Beam | 4 - Z 232Z23 | L : 5.000 m
4;161;;0.825;;0.28;-0.15;1.19;-0.01;1.20;0.15;Beam | 4 - Z 232Z23 | L : 5.000 m
4;161;;4.175;;0.28;0.15;-1.19;0.01;1.20;0.15;Beam | 4 - Z 232Z23 | L : 5.000 m
4;161;;4.925;;0.28;0.21;-1.67;0.00;0.13;0.02;Beam | 4 - Z 232Z23 | L : 5.000 m
4;161;128;5.000;;0.28;0.22;-1.71;0.00;0.00;0.00;Beam | 4 - Z 232Z23 | L : 5.000 m
4;174;139;0.000;;0.64;-0.24;2.21;0.00;0.00;0.00;Beam | 4 - Z 232Z23 | L : 5.000 m
4;174;;0.645;;0.63;-0.18;1.64;-0.01;1.24;0.13;Beam | 4 - Z 232Z23 | L : 5.000 m
4;174;;0.825;;0.63;-0.16;1.48;-0.01;1.52;0.17;Beam | 4 - Z 232Z23 | L : 5.000 m
4;174;;2.500;;0.62;0.00;0.00;0.00;2.77;0.30;Beam | 4 - Z 232Z23 | L : 5.000 m
4;174;;2.500;;0.62;0.00;0.00;0.00;2.77;0.30;Beam | 4 - Z 232Z23 | L : 5.000 m
4;174;;4.175;;0.63;0.16;-1.48;0.01;1.52;0.17;Beam | 4 - Z 232Z23 | L : 5.000 m
4;174;;4.355;;0.63;0.18;-1.64;0.01;1.24;0.14;Beam | 4 - Z 232Z23 | L : 5.000 m
4;174;111;5.000;;0.63;0.24;-2.21;0.00;0.00;0.00;Beam | 4 - Z 232Z23 | L : 5.000 m
4;175;2;0.000;;0.00;-0.13;1.19;0.00;0.00;0.00;Beam | 4 - Z 232Z23 | L : 5.000 m
4;175;12;5.000;;0.00;0.13;-1.19;0.00;0.00;0.00;Beam | 4 - Z 232Z23 | L : 5.000 m
4;176;140;0.000;;0.38;-0.24;2.21;0.00;0.00;0.00;Beam | 4 - Z 232Z23 | L : 5.000 m
4;176;;0.825;;0.38;-0.16;1.49;-0.01;1.53;0.17;Beam | 4 - Z 232Z23 | L : 5.000 m
4;176;;4.175;;0.37;0.16;-1.49;0.01;1.52;0.17;Beam | 4 - Z 232Z23 | L : 5.000 m
4;176;112;5.000;;0.38;0.25;-2.21;0.00;0.00;0.00;Beam | 4 - Z 232Z23 | L : 5.000 m
4;177;141;0.000;;2.23;-0.22;2.18;0.00;0.00;0.00;Beam | 4 - Z 232Z23 | L : 5.000 m
4;177;;0.037;;2.23;-0.22;2.15;0.00;0.08;0.01;Beam | 4 - Z 232Z23 | L : 5.000 m
4;177;;0.825;;2.22;-0.14;1.46;-0.01;1.50;0.15;Beam | 4 - Z 232Z23 | L : 5.000 m
4;177;;4.175;;2.22;0.15;-1.46;0.01;1.50;0.15;Beam | 4 - Z 232Z23 | L : 5.000 m
4;177;;4.963;;2.22;0.22;-2.15;0.00;0.08;0.01;Beam | 4 - Z 232Z23 | L : 5.000 m
4;177;113;5.000;;2.22;0.23;-2.18;0.00;0.00;0.00;Beam | 4 - Z 232Z23 | L : 5.000 m
4;178;142;0.000;;0.28;-0.24;2.21;0.00;0.00;0.00;Beam | 4 - Z 232Z23 | L : 5.000 m
4;178;;0.787;;0.27;-0.17;1.52;-0.01;1.47;0.16;Beam | 4 - Z 232Z23 | L : 5.000 m
4;178;;0.825;;0.27;-0.16;1.49;-0.01;1.52;0.17;Beam | 4 - Z 232Z23 | L : 5.000 m
4;178;;4.175;;0.26;0.16;-1.48;0.01;1.52;0.17;Beam | 4 - Z 232Z23 | L : 5.000 m
4;178;;4.213;;0.26;0.17;-1.52;0.01;1.47;0.16;Beam | 4 - Z 232Z23 | L : 5.000 m
4;178;114;5.000;;0.26;0.24;-2.21;0.00;0.00;0.00;Beam | 4 - Z 232Z23 | L : 5.000 m
4;179;143;0.000;;0.33;-0.24;2.21;0.00;0.00;0.00;Beam | 4 - Z 232Z23 | L : 5.000 m
4;179;;0.825;;0.32;-0.16;1.49;-0.01;1.53;0.17;Beam | 4 - Z 232Z23 | L : 5.000 m
4;179;;4.175;;0.31;0.16;-1.49;0.01;1.53;0.17;Beam | 4 - Z 232Z23 | L : 5.000 m
4;179;115;5.000;;0.31;0.24;-2.21;0.00;0.00;0.00;Beam | 4 - Z 232Z23 | L : 5.000 m
4;180;123;0.000;;0.36;-0.23;2.16;0.00;0.00;0.00;Beam | 4 - Z 232Z23 | L : 5.000 m
4;180;151;5.000;;0.36;0.23;-2.16;0.00;0.00;0.00;Beam | 4 - Z 232Z23 | L : 5.000 m
4;181;16;0.000;;0.00;-0.13;1.19;0.00;0.00;0.00;Beam | 4 - Z 232Z23 | L : 5.000 m
4;181;6;5.000;;0.00;0.13;-1.19;0.00;0.00;0.00;Beam | 4 - Z 232Z23 | L : 5.000 m
4;182;124;0.000;;0.22;-0.24;2.16;0.00;0.00;0.00;Beam | 4 - Z 232Z23 | L : 5.000 m
4;182;152;5.000;;0.22;0.23;-2.16;0.00;0.00;0.00;Beam | 4 - Z 232Z23 | L : 5.000 m
4;183;125;0.000;;1.26;-0.23;2.16;0.00;0.00;0.00;Beam | 4 - Z 232Z23 | L : 5.000 m
4;183;153;5.000;;1.27;0.22;-2.16;0.00;0.00;0.00;Beam | 4 - Z 232Z23 | L : 5.000 m
4;184;126;0.000;;0.16;-0.24;2.16;0.00;0.00;0.00;Beam | 4 - Z 232Z23 | L : 5.000 m
4;184;154;5.000;;0.17;0.23;-2.16;0.00;0.00;0.00;Beam | 4 - Z 232Z23 | L : 5.000 m
4;185;127;0.000;;0.10;-0.24;2.17;0.00;0.00;0.00;Beam | 4 - Z 232Z23 | L : 5.000 m
4;185;;0.795;;0.10;-0.16;1.48;-0.01;1.45;0.16;Beam | 4 - Z 232Z23 | L : 5.000 m
4;185;;0.825;;0.10;-0.16;1.46;-0.01;1.50;0.16;Beam | 4 - Z 232Z23 | L : 5.000 m
4;185;;4.175;;0.11;0.16;-1.46;0.01;1.50;0.16;Beam | 4 - Z 232Z23 | L : 5.000 m
4;185;;4.205;;0.11;0.16;-1.48;0.01;1.45;0.16;Beam | 4 - Z 232Z23 | L : 5.000 m
4;185;155;5.000;;0.11;0.23;-2.17;0.00;0.00;0.00;Beam | 4 - Z 232Z23 | L : 5.000 m
4;186;145;0.000;;0.33;-0.15;1.40;0.00;0.00;0.00;Beam | 4 - Z 232Z23 | L : 5.000 m
4;186;;0.075;;0.33;-0.15;1.35;0.00;0.10;0.01;Beam | 4 - Z 232Z23 | L : 5.000 m
4;186;;0.825;;0.32;-0.10;0.94;-0.01;0.96;0.10;Beam | 4 - Z 232Z23 | L : 5.000 m
4;186;;4.175;;0.32;0.10;-0.94;0.00;0.96;0.10;Beam | 4 - Z 232Z23 | L : 5.000 m
4;186;;4.925;;0.32;0.15;-1.35;0.00;0.10;0.01;Beam | 4 - Z 232Z23 | L : 5.000 m
4;186;117;5.000;;0.32;0.15;-1.40;0.00;0.00;0.00;Beam | 4 - Z 232Z23 | L : 5.000 m
4;187;128;0.000;;0.24;-0.22;1.71;0.00;0.00;0.00;Beam | 4 - Z 232Z23 | L : 5.000 m
4;187;;0.075;;0.24;-0.21;1.67;0.00;0.13;0.02;Beam | 4 - Z 232Z23 | L : 5.000 m
4;187;;0.825;;0.24;-0.15;1.19;-0.01;1.20;0.15;Beam | 4 - Z 232Z23 | L : 5.000 m
4;187;;4.175;;0.25;0.15;-1.19;0.01;1.20;0.15;Beam | 4 - Z 232Z23 | L : 5.000 m
4;187;;4.925;;0.25;0.21;-1.67;0.00;0.13;0.02;Beam | 4 - Z 232Z23 | L : 5.000 m
4;187;156;5.000;;0.25;0.22;-1.71;0.00;0.00;0.00;Beam | 4 - Z 232Z23 | L : 5.000 m
4;200;49;0.000;;0.64;-0.24;2.21;0.00;0.00;0.00;Beam | 4 - Z 232Z23 | L : 5.000 m
4;200;;0.645;;0.64;-0.18;1.64;-0.01;1.24;0.14;Beam | 4 - Z 232Z23 | L : 5.000 m
4;200;;0.825;;0.64;-0.16;1.48;-0.01;1.52;0.17;Beam | 4 - Z 232Z23 | L : 5.000 m
4;200;;2.500;;0.63;0.00;0.00;0.00;2.77;0.30;Beam | 4 - Z 232Z23 | L : 5.000 m
4;200;;2.500;;0.63;0.00;0.00;0.00;2.77;0.30;Beam | 4 - Z 232Z23 | L : 5.000 m
4;200;;4.175;;0.64;0.16;-1.48;0.01;1.52;0.17;Beam | 4 - Z 232Z23 | L : 5.000 m
4;200;;4.355;;0.64;0.18;-1.64;0.01;1.24;0.13;Beam | 4 - Z 232Z23 | L : 5.000 m
4;200;116;5.000;;0.64;0.24;-2.21;0.00;0.00;0.00;Beam | 4 - Z 232Z23 | L : 5.000 m
4;201;33;0.000;;0.00;-0.13;1.19;0.00;0.00;0.00;Beam | 4 - Z 232Z23 | L : 5.000 m
4;201;40;5.000;;0.00;0.13;-1.19;0.00;0.00;0.00;Beam | 4 - Z 232Z23 | L : 5.000 m
4;202;50;0.000;;0.37;-0.25;2.21;0.00;0.00;0.00;Beam | 4 - Z 232Z23 | L : 5.000 m
4;202;;0.825;;0.37;-0.16;1.49;-0.01;1.52;0.17;Beam | 4 - Z 232Z23 | L : 5.000 m
4;202;;4.175;;0.38;0.16;-1.49;0.01;1.53;0.17;Beam | 4 - Z 232Z23 | L : 5.000 m
4;202;118;5.000;;0.38;0.24;-2.21;0.00;0.00;0.00;Beam | 4 - Z 232Z23 | L : 5.000 m
4;203;51;0.000;;2.22;-0.23;2.18;0.00;0.00;0.00;Beam | 4 - Z 232Z23 | L : 5.000 m
4;203;;0.037;;2.22;-0.22;2.15;0.00;0.08;0.01;Beam | 4 - Z 232Z23 | L : 5.000 m
4;203;;0.825;;2.21;-0.15;1.46;-0.01;1.50;0.15;Beam | 4 - Z 232Z23 | L : 5.000 m
4;203;;4.175;;2.22;0.14;-1.46;0.01;1.50;0.15;Beam | 4 - Z 232Z23 | L : 5.000 m
4;203;;4.963;;2.23;0.22;-2.15;0.00;0.08;0.01;Beam | 4 - Z 232Z23 | L : 5.000 m
4;203;119;5.000;;2.23;0.22;-2.18;0.00;0.00;0.00;Beam | 4 - Z 232Z23 | L : 5.000 m
4;204;54;0.000;;0.26;-0.24;2.21;0.00;0.00;0.00;Beam | 4 - Z 232Z23 | L : 5.000 m
4;204;;0.787;;0.26;-0.17;1.52;-0.01;1.47;0.16;Beam | 4 - Z 232Z23 | L : 5.000 m
4;204;;0.825;;0.26;-0.16;1.48;-0.01;1.52;0.17;Beam | 4 - Z 232Z23 | L : 5.000 m
4;204;;4.175;;0.27;0.16;-1.49;0.01;1.52;0.17;Beam | 4 - Z 232Z23 | L : 5.000 m
4;204;;4.213;;0.27;0.17;-1.52;0.01;1.47;0.16;Beam | 4 - Z 232Z23 | L : 5.000 m
4;204;120;5.000;;0.28;0.24;-2.21;0.00;0.00;0.00;Beam | 4 - Z 232Z23 | L : 5.000 m
4;205;53;0.000;;0.31;-0.24;2.21;0.00;0.00;0.00;Beam | 4 - Z 232Z23 | L : 5.000 m
4;205;;0.825;;0.31;-0.16;1.49;-0.01;1.53;0.17;Beam | 4 - Z 232Z23 | L : 5.000 m
4;205;;4.175;;0.32;0.16;-1.49;0.01;1.53;0.17;Beam | 4 - Z 232Z23 | L : 5.000 m
4;205;121;5.000;;0.33;0.24;-2.21;0.00;0.00;0.00;Beam | 4 - Z 232Z23 | L : 5.000 m
4;206;129;0.000;;0.37;-0.23;2.16;0.00;0.00;0.00;Beam | 4 - Z 232Z23 | L : 5.000 m
4;206;64;5.000;;0.37;0.23;-2.16;0.00;0.00;0.00;Beam | 4 - Z 232Z23 | L : 5.000 m
4;207;44;0.000;;0.00;-0.13;1.19;0.00;0.00;0.00;Beam | 4 - Z 232Z23 | L : 5.000 m
4;207;37;5.000;;0.00;0.13;-1.19;0.00;0.00;0.00;Beam | 4 - Z 232Z23 | L : 5.000 m
4;208;130;0.000;;0.22;-0.23;2.16;0.00;0.00;0.00;Beam | 4 - Z 232Z23 | L : 5.000 m
4;208;65;5.000;;0.22;0.24;-2.16;0.00;0.00;0.00;Beam | 4 - Z 232Z23 | L : 5.000 m
4;209;131;0.000;;1.27;-0.22;2.16;0.00;0.00;0.00;Beam | 4 - Z 232Z23 | L : 5.000 m
4;209;66;5.000;;1.26;0.23;-2.16;0.00;0.00;0.00;Beam | 4 - Z 232Z23 | L : 5.000 m
4;210;132;0.000;;0.17;-0.23;2.16;0.00;0.00;0.00;Beam | 4 - Z 232Z23 | L : 5.000 m
4;210;68;5.000;;0.16;0.24;-2.16;0.00;0.00;0.00;Beam | 4 - Z 232Z23 | L : 5.000 m
4;211;133;0.000;;0.12;-0.23;2.17;0.00;0.00;0.00;Beam | 4 - Z 232Z23 | L : 5.000 m
4;211;;0.795;;0.11;-0.16;1.48;-0.01;1.45;0.16;Beam | 4 - Z 232Z23 | L : 5.000 m
4;211;;0.825;;0.11;-0.16;1.46;-0.01;1.50;0.16;Beam | 4 - Z 232Z23 | L : 5.000 m
4;211;;4.175;;0.10;0.16;-1.46;0.01;1.50;0.16;Beam | 4 - Z 232Z23 | L : 5.000 m
4;211;;4.205;;0.10;0.16;-1.48;0.01;1.45;0.16;Beam | 4 - Z 232Z23 | L : 5.000 m
4;211;67;5.000;;0.10;0.24;-2.17;0.00;0.00;0.00;Beam | 4 - Z 232Z23 | L : 5.000 m
4;212;52;0.000;;0.32;-0.15;1.40;0.00;0.00;0.00;Beam | 4 - Z 232Z23 | L : 5.000 m
4;212;;0.075;;0.32;-0.15;1.35;0.00;0.10;0.01;Beam | 4 - Z 232Z23 | L : 5.000 m
4;212;;0.825;;0.32;-0.10;0.94;0.00;0.96;0.10;Beam | 4 - Z 232Z23 | L : 5.000 m
4;212;;4.175;;0.33;0.10;-0.94;0.01;0.96;0.10;Beam | 4 - Z 232Z23 | L : 5.000 m
4;212;;4.925;;0.33;0.15;-1.35;0.00;0.10;0.01;Beam | 4 - Z 232Z23 | L : 5.000 m
4;212;122;5.000;;0.33;0.15;-1.40;0.00;0.00;0.00;Beam | 4 - Z 232Z23 | L : 5.000 m
4;213;134;0.000;;0.25;-0.22;1.71;0.00;0.00;0.00;Beam | 4 - Z 232Z23 | L : 5.000 m
4;213;;0.075;;0.25;-0.21;1.67;0.00;0.13;0.02;Beam | 4 - Z 232Z23 | L : 5.000 m
4;213;;0.825;;0.25;-0.15;1.19;-0.01;1.20;0.15;Beam | 4 - Z 232Z23 | L : 5.000 m
4;213;;4.175;;0.24;0.15;-1.19;0.01;1.20;0.15;Beam | 4 - Z 232Z23 | L : 5.000 m
4;213;;4.925;;0.24;0.21;-1.67;0.00;0.13;0.02;Beam | 4 - Z 232Z23 | L : 5.000 m
4;213;62;5.000;;0.24;0.22;-1.71;0.00;0.00;0.00;Beam | 4 - Z 232Z23 | L : 5.000 m
Extremes;177;141;0.000;N;2.23;-0.22;2.18;0.00;0.00;0.00;Beam | 4 - Z 232Z23 | L : 5.000 m
4;92;;2.500;N;0.00;0.00;0.00;0.00;1.49;0.16;Beam | 4 - Z 232Z23 | L : 5.000 m
4;176;112;5.000;V_u;0.38;0.25;-2.21;0.00;0.00;0.00;Beam | 4 - Z 232Z23 | L : 5.000 m
4;202;50;0.000;V_u;0.37;-0.25;2.21;0.00;0.00;0.00;Beam | 4 - Z 232Z23 | L : 5.000 m
4;179;143;0.000;V_v;0.33;-0.24;2.21;0.00;0.00;0.00;Beam | 4 - Z 232Z23 | L : 5.000 m
4;205;121;5.000;V_v;0.33;0.24;-2.21;0.00;0.00;0.00;Beam | 4 - Z 232Z23 | L : 5.000 m
4;205;;4.000;M_T;0.32;0.14;-1.33;0.01;1.77;0.19;Beam | 4 - Z 232Z23 | L : 5.000 m
4;179;;1.000;M_T;0.32;-0.14;1.33;-0.01;1.77;0.19;Beam | 4 - Z 232Z23 | L : 5.000 m
4;179;;2.500;M_u;0.31;0.00;0.00;0.00;2.77;0.30;Beam | 4 - Z 232Z23 | L : 5.000 m
4;176;140;0.000;M_u;0.38;-0.24;2.21;0.00;0.00;0.00;Beam | 4 - Z 232Z23 | L : 5.000 m
4;150;;2.500;M_v;0.39;0.00;0.00;0.00;2.77;0.31;Beam | 4 - Z 232Z23 | L : 5.000 m
4;182;124;0.000;M_v;0.22;-0.24;2.16;0.00;0.00;0.00;Beam | 4 - Z 232Z23 | L : 5.000 m
Total;;;;;2.23;0.25;2.21;0.01;2.77;0.31;
4;;;;;0.00;-0.25;-2.21;-0.01;0.00;0.00;
;;;;;;;;;;;
5;L 60x60x6 | 1 - S235;;;;;;;;;;
5;68;46;0.000;;7.77;0.00;0.00;0.00;0.00;0.00;Tension | 5 - L 60x60x6 | L : 7.071 m
5;68;42;7.071;;8.14;0.00;0.00;0.00;0.00;0.00;Tension | 5 - L 60x60x6 | L : 7.071 m
5;69;Failure;;;;;;;;;
5;70;8;0.000;;7.77;0.00;0.00;0.00;0.00;0.00;Tension | 5 - L 60x60x6 | L : 7.071 m
5;70;4;7.071;;8.14;0.00;0.00;0.00;0.00;0.00;Tension | 5 - L 60x60x6 | L : 7.071 m
5;71;Failure;;;;;;;;;
5;72;16;0.000;;1.28;0.00;0.00;0.00;0.00;0.00;Tension | 5 - L 60x60x6 | L : 6.403 m
5;72;24;6.403;;0.99;0.00;0.00;0.00;0.00;0.00;Tension | 5 - L 60x60x6 | L : 6.403 m
5;73;23;0.000;;2.64;0.00;0.00;0.00;0.00;0.00;Tension | 5 - L 60x60x6 | L : 6.403 m
5;73;17;6.403;;2.35;0.00;0.00;0.00;0.00;0.00;Tension | 5 - L 60x60x6 | L : 6.403 m
5;74;11;0.000;;2.71;0.00;0.00;0.00;0.00;0.00;Tension | 5 - L 60x60x6 | L : 6.403 m
5;74;19;6.403;;3.00;0.00;0.00;0.00;0.00;0.00;Tension | 5 - L 60x60x6 | L : 6.403 m
5;75;18;0.000;;1.40;0.00;0.00;0.00;0.00;0.00;Tension | 5 - L 60x60x6 | L : 6.403 m
5;75;12;6.403;;1.69;0.00;0.00;0.00;0.00;0.00;Tension | 5 - L 60x60x6 | L : 6.403 m
5;76;12;0.000;;2.68;0.00;0.00;0.00;0.00;0.00;Tension | 5 - L 60x60x6 | L : 7.089 m
5;76;20;7.089;;2.72;0.00;0.00;0.00;0.00;0.00;Tension | 5 - L 60x60x6 | L : 7.089 m
5;77;19;0.000;;2.46;0.00;0.00;0.00;0.00;0.00;Tension | 5 - L 60x60x6 | L : 7.089 m
5;77;13;7.089;;2.49;0.00;0.00;0.00;0.00;0.00;Tension | 5 - L 60x60x6 | L : 7.089 m
5;78;13;0.000;;2.84;0.00;0.00;0.00;0.00;0.00;Tension | 5 - L 60x60x6 | L : 7.089 m
5;78;21;7.089;;2.88;0.00;0.00;0.00;0.00;0.00;Tension | 5 - L 60x60x6 | L : 7.089 m
5;79;20;0.000;;2.72;0.00;0.00;0.00;0.00;0.00;Tension | 5 - L 60x60x6 | L : 7.089 m
5;79;14;7.089;;2.76;0.00;0.00;0.00;0.00;0.00;Tension | 5 - L 60x60x6 | L : 7.089 m
5;80;14;0.000;;2.49;0.00;0.00;0.00;0.00;0.00;Tension | 5 - L 60x60x6 | L : 7.089 m
5;80;22;7.089;;2.46;0.00;0.00;0.00;0.00;0.00;Tension | 5 - L 60x60x6 | L : 7.089 m
5;81;21;0.000;;2.58;0.00;0.00;0.00;0.00;0.00;Tension | 5 - L 60x60x6 | L : 7.089 m
5;81;15;7.089;;2.54;0.00;0.00;0.00;0.00;0.00;Tension | 5 - L 60x60x6 | L : 7.089 m
5;82;15;0.000;;1.96;0.00;0.00;0.00;0.00;0.00;Tension | 5 - L 60x60x6 | L : 7.089 m
5;82;23;7.089;;1.93;0.00;0.00;0.00;0.00;0.00;Tension | 5 - L 60x60x6 | L : 7.089 m
5;83;22;0.000;;2.20;0.00;0.00;0.00;0.00;0.00;Tension | 5 - L 60x60x6 | L : 7.089 m
5;83;16;7.089;;2.16;0.00;0.00;0.00;0.00;0.00;Tension | 5 - L 60x60x6 | L : 7.089 m
Extremes;68;42;7.071;N;8.14;0.00;0.00;0.00;0.00;0.00;Tension | 5 - L 60x60x6 | L : 7.071 m
5;72;24;6.403;N;0.99;0.00;0.00;0.00;0.00;0.00;Tension | 5 - L 60x60x6 | L : 6.403 m
5;68;46;0.000;V_u;7.77;0.00;0.00;0.00;0.00;0.00;Tension | 5 - L 60x60x6 | L : 7.071 m
5;68;46;0.000;V_u;7.77;0.00;0.00;0.00;0.00;0.00;Tension | 5 - L 60x60x6 | L : 7.071 m
5;68;46;0.000;V_v;7.77;0.00;0.00;0.00;0.00;0.00;Tension | 5 - L 60x60x6 | L : 7.071 m
5;68;46;0.000;V_v;7.77;0.00;0.00;0.00;0.00;0.00;Tension | 5 - L 60x60x6 | L : 7.071 m
5;68;46;0.000;M_T;7.77;0.00;0.00;0.00;0.00;0.00;Tension | 5 - L 60x60x6 | L : 7.071 m
5;68;46;0.000;M_T;7.77;0.00;0.00;0.00;0.00;0.00;Tension | 5 - L 60x60x6 | L : 7.071 m
5;68;46;0.000;M_u;7.77;0.00;0.00;0.00;0.00;0.00;Tension | 5 - L 60x60x6 | L : 7.071 m
5;68;46;0.000;M_u;7.77;0.00;0.00;0.00;0.00;0.00;Tension | 5 - L 60x60x6 | L : 7.071 m
5;68;46;0.000;M_v;7.77;0.00;0.00;0.00;0.00;0.00;Tension | 5 - L 60x60x6 | L : 7.071 m
5;68;46;0.000;M_v;7.77;0.00;0.00;0.00;0.00;0.00;Tension | 5 - L 60x60x6 | L : 7.071 m
Total;;;;;8.14;0.00;0.00;0.00;0.00;0.00;
5;;;;;0.99;0.00;0.00;0.00;0.00;0.00;
;;;;;;;;;;;
6;CHS 60.3x5 | 1 - S235;;;;;;;;;;
6;43;2;0.000;;5.23;-1.76;0.39;0.00;0.00;0.00;Truss | 6 - CHS 60.3x5 | L : 5.000 m
6;43;;0.825;;5.20;-1.58;0.30;0.00;0.29;1.41;Truss | 6 - CHS 60.3x5 | L : 5.000 m
6;43;;2.500;;5.09;0.00;0.00;0.00;0.56;2.98;Truss | 6 - CHS 60.3x5 | L : 5.000 m
6;43;;2.500;;5.09;0.00;0.00;0.00;0.56;2.98;Truss | 6 - CHS 60.3x5 | L : 5.000 m
6;43;;4.175;;5.20;1.58;-0.30;0.00;0.29;1.41;Truss | 6 - CHS 60.3x5 | L : 5.000 m
6;43;12;5.000;;5.23;1.76;-0.39;0.00;0.00;0.00;Truss | 6 - CHS 60.3x5 | L : 5.000 m
6;45;19;0.000;;5.62;-1.74;0.39;0.00;0.00;0.00;Truss | 6 - CHS 60.3x5 | L : 5.000 m
6;45;;0.825;;5.60;-1.56;0.30;0.00;0.29;1.39;Truss | 6 - CHS 60.3x5 | L : 5.000 m
6;45;;2.500;;5.49;0.00;0.00;0.00;0.56;2.94;Truss | 6 - CHS 60.3x5 | L : 5.000 m
6;45;;2.500;;5.49;0.00;0.00;0.00;0.56;2.94;Truss | 6 - CHS 60.3x5 | L : 5.000 m
6;45;;4.175;;5.60;1.56;-0.30;0.00;0.29;1.39;Truss | 6 - CHS 60.3x5 | L : 5.000 m
6;45;26;5.000;;5.62;1.74;-0.39;0.00;0.00;0.00;Truss | 6 - CHS 60.3x5 | L : 5.000 m
6;46;26;0.000;;5.44;-1.75;0.39;0.00;0.00;0.00;Truss | 6 - CHS 60.3x5 | L : 5.000 m
6;46;;0.825;;5.41;-1.57;0.30;0.00;0.29;1.40;Truss | 6 - CHS 60.3x5 | L : 5.000 m
6;46;;2.500;;5.31;0.00;0.00;0.00;0.56;2.96;Truss | 6 - CHS 60.3x5 | L : 5.000 m
6;46;;2.500;;5.31;0.00;0.00;0.00;0.56;2.96;Truss | 6 - CHS 60.3x5 | L : 5.000 m
6;46;;4.175;;5.41;1.57;-0.30;0.00;0.29;1.40;Truss | 6 - CHS 60.3x5 | L : 5.000 m
6;46;33;5.000;;5.44;1.75;-0.39;0.00;0.00;0.00;Truss | 6 - CHS 60.3x5 | L : 5.000 m
6;47;33;0.000;;5.28;-1.76;0.40;0.00;0.00;0.00;Truss | 6 - CHS 60.3x5 | L : 5.000 m
6;47;;0.825;;5.25;-1.58;0.30;0.00;0.29;1.41;Truss | 6 - CHS 60.3x5 | L : 5.000 m
6;47;;2.500;;5.15;0.00;0.00;0.00;0.57;2.97;Truss | 6 - CHS 60.3x5 | L : 5.000 m
6;47;;2.500;;5.15;0.00;0.00;0.00;0.57;2.97;Truss | 6 - CHS 60.3x5 | L : 5.000 m
6;47;;4.175;;5.25;1.58;-0.30;0.00;0.29;1.41;Truss | 6 - CHS 60.3x5 | L : 5.000 m
6;47;40;5.000;;5.28;1.76;-0.40;0.00;0.00;0.00;Truss | 6 - CHS 60.3x5 | L : 5.000 m
6;48;3;0.000;;7.75;0.02;0.21;0.00;0.00;0.00;Truss | 6 - CHS 60.3x5 | L : 5.000 m
6;48;;0.037;;7.75;0.02;0.20;0.00;0.01;0.00;Truss | 6 - CHS 60.3x5 | L : 5.000 m
6;48;;0.787;;7.75;0.01;0.14;0.00;0.14;-0.01;Truss | 6 - CHS 60.3x5 | L : 5.000 m
6;48;;4.213;;7.75;-0.01;-0.14;0.00;0.14;-0.01;Truss | 6 - CHS 60.3x5 | L : 5.000 m
6;48;;4.963;;7.75;-0.02;-0.20;0.00;0.01;0.00;Truss | 6 - CHS 60.3x5 | L : 5.000 m
6;48;13;5.000;;7.75;-0.02;-0.21;0.00;0.00;0.00;Truss | 6 - CHS 60.3x5 | L : 5.000 m
6;50;20;0.000;;7.85;0.02;0.21;0.00;0.00;0.00;Truss | 6 - CHS 60.3x5 | L : 5.000 m
6;50;;0.037;;7.85;0.02;0.20;0.00;0.01;0.00;Truss | 6 - CHS 60.3x5 | L : 5.000 m
6;50;;0.787;;7.85;0.01;0.14;0.00;0.13;-0.01;Truss | 6 - CHS 60.3x5 | L : 5.000 m
6;50;;4.213;;7.85;-0.01;-0.14;0.00;0.13;-0.01;Truss | 6 - CHS 60.3x5 | L : 5.000 m
6;50;;4.963;;7.85;-0.02;-0.20;0.00;0.01;0.00;Truss | 6 - CHS 60.3x5 | L : 5.000 m
6;50;27;5.000;;7.85;-0.02;-0.21;0.00;0.00;0.00;Truss | 6 - CHS 60.3x5 | L : 5.000 m
6;51;27;0.000;;7.85;0.02;0.21;0.00;0.00;0.00;Truss | 6 - CHS 60.3x5 | L : 5.000 m
6;51;;0.037;;7.85;0.02;0.20;0.00;0.01;0.00;Truss | 6 - CHS 60.3x5 | L : 5.000 m
6;51;;0.787;;7.85;0.01;0.14;0.00;0.13;-0.01;Truss | 6 - CHS 60.3x5 | L : 5.000 m
6;51;;4.213;;7.85;-0.01;-0.14;0.00;0.13;-0.01;Truss | 6 - CHS 60.3x5 | L : 5.000 m
6;51;;4.963;;7.85;-0.02;-0.20;0.00;0.01;0.00;Truss | 6 - CHS 60.3x5 | L : 5.000 m
6;51;34;5.000;;7.85;-0.02;-0.21;0.00;0.00;0.00;Truss | 6 - CHS 60.3x5 | L : 5.000 m
6;52;34;0.000;;7.84;0.02;0.21;0.00;0.00;0.00;Truss | 6 - CHS 60.3x5 | L : 5.000 m
6;52;;0.037;;7.84;0.02;0.20;0.00;0.01;0.00;Truss | 6 - CHS 60.3x5 | L : 5.000 m
6;52;;0.787;;7.84;0.01;0.14;0.00;0.13;-0.01;Truss | 6 - CHS 60.3x5 | L : 5.000 m
6;52;;4.213;;7.84;-0.01;-0.14;0.00;0.13;-0.01;Truss | 6 - CHS 60.3x5 | L : 5.000 m
6;52;;4.963;;7.84;-0.02;-0.20;0.00;0.01;0.00;Truss | 6 - CHS 60.3x5 | L : 5.000 m
6;52;41;5.000;;7.84;-0.02;-0.21;0.00;0.00;0.00;Truss | 6 - CHS 60.3x5 | L : 5.000 m
6;53;4;0.000;;6.99;0.00;0.22;0.00;0.00;0.00;Truss | 6 - CHS 60.3x5 | L : 5.000 m
6;53;;0.075;;6.99;0.00;0.21;0.00;0.02;0.00;Truss | 6 - CHS 60.3x5 | L : 5.000 m
6;53;;4.925;;6.99;0.00;-0.21;0.00;0.02;0.00;Truss | 6 - CHS 60.3x5 | L : 5.000 m
6;53;14;5.000;;6.99;0.00;-0.22;0.00;0.00;0.00;Truss | 6 - CHS 60.3x5 | L : 5.000 m
6;55;21;0.000;;6.86;0.00;0.22;0.00;0.00;0.00;Truss | 6 - CHS 60.3x5 | L : 5.000 m
6;55;;0.075;;6.86;0.00;0.22;0.00;0.02;0.00;Truss | 6 - CHS 60.3x5 | L : 5.000 m
6;55;;4.925;;6.86;0.00;-0.22;0.00;0.02;0.00;Truss | 6 - CHS 60.3x5 | L : 5.000 m
6;55;28;5.000;;6.86;0.00;-0.22;0.00;0.00;0.00;Truss | 6 - CHS 60.3x5 | L : 5.000 m
6;56;28;0.000;;6.91;0.00;0.22;0.00;0.00;0.00;Truss | 6 - CHS 60.3x5 | L : 5.000 m
6;56;;0.075;;6.91;0.00;0.21;0.00;0.02;0.00;Truss | 6 - CHS 60.3x5 | L : 5.000 m
6;56;;4.925;;6.91;0.00;-0.21;0.00;0.02;0.00;Truss | 6 - CHS 60.3x5 | L : 5.000 m
6;56;35;5.000;;6.91;0.00;-0.22;0.00;0.00;0.00;Truss | 6 - CHS 60.3x5 | L : 5.000 m
6;57;35;0.000;;7.12;0.00;0.22;0.00;0.00;0.00;Truss | 6 - CHS 60.3x5 | L : 5.000 m
6;57;;0.075;;7.12;0.00;0.21;0.00;0.02;0.00;Truss | 6 - CHS 60.3x5 | L : 5.000 m
6;57;;4.925;;7.13;0.00;-0.21;0.00;0.02;0.00;Truss | 6 - CHS 60.3x5 | L : 5.000 m
6;57;42;5.000;;7.13;0.00;-0.22;0.00;0.00;0.00;Truss | 6 - CHS 60.3x5 | L : 5.000 m
6;58;5;0.000;;4.68;-0.02;0.20;0.00;0.00;0.00;Truss | 6 - CHS 60.3x5 | L : 5.000 m
6;58;15;5.000;;4.68;0.02;-0.20;0.00;0.00;0.00;Truss | 6 - CHS 60.3x5 | L : 5.000 m
6;60;22;0.000;;4.84;-0.02;0.20;0.00;0.00;0.00;Truss | 6 - CHS 60.3x5 | L : 5.000 m
6;60;29;5.000;;4.84;0.02;-0.20;0.00;0.00;0.00;Truss | 6 - CHS 60.3x5 | L : 5.000 m
6;61;29;0.000;;4.83;-0.02;0.20;0.00;0.00;0.00;Truss | 6 - CHS 60.3x5 | L : 5.000 m
6;61;36;5.000;;4.83;0.02;-0.20;0.00;0.00;0.00;Truss | 6 - CHS 60.3x5 | L : 5.000 m
6;62;36;0.000;;4.78;-0.02;0.20;0.00;0.00;0.00;Truss | 6 - CHS 60.3x5 | L : 5.000 m
6;62;43;5.000;;4.78;0.02;-0.20;0.00;0.00;0.00;Truss | 6 - CHS 60.3x5 | L : 5.000 m
6;63;6;0.000;;2.29;-0.86;0.13;0.00;0.00;0.00;Truss | 6 - CHS 60.3x5 | L : 5.000 m
6;63;;2.500;;2.26;0.00;0.00;0.00;0.12;1.43;Truss | 6 - CHS 60.3x5 | L : 5.000 m
6;63;;2.500;;2.26;0.00;0.00;0.00;0.12;1.43;Truss | 6 - CHS 60.3x5 | L : 5.000 m
6;63;16;5.000;;2.29;0.86;-0.13;0.00;0.00;0.00;Truss | 6 - CHS 60.3x5 | L : 5.000 m
6;65;23;0.000;;2.72;-0.85;0.13;0.00;0.00;0.00;Truss | 6 - CHS 60.3x5 | L : 5.000 m
6;65;;2.500;;2.69;0.00;0.00;0.00;0.12;1.41;Truss | 6 - CHS 60.3x5 | L : 5.000 m
6;65;;2.500;;2.69;0.00;0.00;0.00;0.12;1.41;Truss | 6 - CHS 60.3x5 | L : 5.000 m
6;65;30;5.000;;2.72;0.85;-0.13;0.00;0.00;0.00;Truss | 6 - CHS 60.3x5 | L : 5.000 m
6;66;30;0.000;;2.52;-0.85;0.13;0.00;0.00;0.00;Truss | 6 - CHS 60.3x5 | L : 5.000 m
6;66;;2.500;;2.49;0.00;0.00;0.00;0.12;1.42;Truss | 6 - CHS 60.3x5 | L : 5.000 m
6;66;;2.500;;2.49;0.00;0.00;0.00;0.12;1.42;Truss | 6 - CHS 60.3x5 | L : 5.000 m
6;66;37;5.000;;2.52;0.85;-0.13;0.00;0.00;0.00;Truss | 6 - CHS 60.3x5 | L : 5.000 m
6;67;37;0.000;;2.33;-0.86;0.13;0.00;0.00;0.00;Truss | 6 - CHS 60.3x5 | L : 5.000 m
6;67;;2.500;;2.30;0.00;0.00;0.00;0.12;1.43;Truss | 6 - CHS 60.3x5 | L : 5.000 m
6;67;;2.500;;2.30;0.00;0.00;0.00;0.12;1.43;Truss | 6 - CHS 60.3x5 | L : 5.000 m
6;67;44;5.000;;2.33;0.86;-0.13;0.00;0.00;0.00;Truss | 6 - CHS 60.3x5 | L : 5.000 m
Extremes;51;27;0.000;N;7.85;0.02;0.21;0.00;0.00;0.00;Truss | 6 - CHS 60.3x5 | L : 5.000 m
6;63;;2.500;N;2.26;0.00;0.00;0.00;0.12;1.43;Truss | 6 - CHS 60.3x5 | L : 5.000 m
6;43;12;5.000;V_y;5.23;1.76;-0.39;0.00;0.00;0.00;Truss | 6 - CHS 60.3x5 | L : 5.000 m
6;43;2;0.000;V_y;5.23;-1.76;0.39;0.00;0.00;0.00;Truss | 6 - CHS 60.3x5 | L : 5.000 m
6;47;33;0.000;V_z;5.28;-1.76;0.40;0.00;0.00;0.00;Truss | 6 - CHS 60.3x5 | L : 5.000 m
6;47;40;5.000;V_z;5.28;1.76;-0.40;0.00;0.00;0.00;Truss | 6 - CHS 60.3x5 | L : 5.000 m
6;47;;4.500;M_T;5.27;1.70;-0.34;0.00;0.19;0.87;Truss | 6 - CHS 60.3x5 | L : 5.000 m
6;43;;0.500;M_T;5.22;-1.70;0.34;0.00;0.19;0.87;Truss | 6 - CHS 60.3x5 | L : 5.000 m
6;47;;2.500;M_y;5.15;0.00;0.00;0.00;0.57;2.97;Truss | 6 - CHS 60.3x5 | L : 5.000 m
6;43;2;0.000;M_y;5.23;-1.76;0.39;0.00;0.00;0.00;Truss | 6 - CHS 60.3x5 | L : 5.000 m
6;43;;2.500;M_z;5.09;0.00;0.00;0.00;0.56;2.98;Truss | 6 - CHS 60.3x5 | L : 5.000 m
6;52;;2.500;M_z;7.84;0.00;0.00;0.00;0.25;-0.02;Truss | 6 - CHS 60.3x5 | L : 5.000 m
Total;;;;;7.85;1.76;0.40;0.00;0.57;2.98;
6;;;;;2.26;-1.76;-0.40;0.00;0.00;-0.02;
;;;;;;;;;;;
7;CHS 101.6x5 | 1 - S235;;;;;;;;;;
7;44;12;0.000;;1.78;-2.06;0.63;0.00;0.00;0.00;Truss | 7 - CHS 101.6x5 | L : 5.000 m
7;44;;0.825;;1.78;-1.85;0.47;0.00;0.45;1.64;Truss | 7 - CHS 101.6x5 | L : 5.000 m
7;44;;2.500;;1.75;0.00;0.00;0.00;0.87;3.45;Truss | 7 - CHS 101.6x5 | L : 5.000 m
7;44;;2.500;;1.75;0.00;0.00;0.00;0.87;3.45;Truss | 7 - CHS 101.6x5 | L : 5.000 m
7;44;;4.175;;1.78;1.85;-0.47;0.00;0.45;1.64;Truss | 7 - CHS 101.6x5 | L : 5.000 m
7;44;19;5.000;;1.78;2.06;-0.63;0.00;0.00;0.00;Truss | 7 - CHS 101.6x5 | L : 5.000 m
7;49;13;0.000;;4.00;0.04;0.42;0.00;0.00;0.00;Truss | 7 - CHS 101.6x5 | L : 5.000 m
7;49;;0.037;;4.00;0.04;0.41;0.00;0.02;0.00;Truss | 7 - CHS 101.6x5 | L : 5.000 m
7;49;;0.787;;4.00;0.03;0.29;0.00;0.28;-0.03;Truss | 7 - CHS 101.6x5 | L : 5.000 m
7;49;;4.213;;4.00;-0.03;-0.29;0.00;0.28;-0.03;Truss | 7 - CHS 101.6x5 | L : 5.000 m
7;49;;4.963;;4.00;-0.04;-0.41;0.00;0.02;0.00;Truss | 7 - CHS 101.6x5 | L : 5.000 m
7;49;20;5.000;;4.00;-0.04;-0.42;0.00;0.00;0.00;Truss | 7 - CHS 101.6x5 | L : 5.000 m
7;54;14;0.000;;3.15;0.00;0.43;0.00;0.00;0.00;Truss | 7 - CHS 101.6x5 | L : 5.000 m
7;54;;0.075;;3.15;0.00;0.42;0.00;0.03;0.00;Truss | 7 - CHS 101.6x5 | L : 5.000 m
7;54;;4.925;;3.15;0.00;-0.42;0.00;0.03;0.00;Truss | 7 - CHS 101.6x5 | L : 5.000 m
7;54;21;5.000;;3.15;0.00;-0.43;0.00;0.00;0.00;Truss | 7 - CHS 101.6x5 | L : 5.000 m
7;59;15;0.000;;1.54;-0.04;0.40;0.00;0.00;0.00;Truss | 7 - CHS 101.6x5 | L : 5.000 m
7;59;22;5.000;;1.54;0.04;-0.40;0.00;0.00;0.00;Truss | 7 - CHS 101.6x5 | L : 5.000 m
7;64;16;0.000;;-0.39;-0.95;0.31;0.00;0.00;0.00;Truss | 7 - CHS 101.6x5 | L : 5.000 m
7;64;;2.500;;-0.40;0.00;0.00;0.00;0.35;1.57;Truss | 7 - CHS 101.6x5 | L : 5.000 m
7;64;;2.500;;-0.40;0.00;0.00;0.00;0.35;1.57;Truss | 7 - CHS 101.6x5 | L : 5.000 m
7;64;23;5.000;;-0.39;0.95;-0.31;0.00;0.00;0.00;Truss | 7 - CHS 101.6x5 | L : 5.000 m
Extremes;49;13;0.000;N;4.00;0.04;0.42;0.00;0.00;0.00;Truss | 7 - CHS 101.6x5 | L : 5.000 m
7;64;;2.500;N;-0.40;0.00;0.00;0.00;0.35;1.57;Truss | 7 - CHS 101.6x5 | L : 5.000 m
7;44;19;5.000;V_y;1.78;2.06;-0.63;0.00;0.00;0.00;Truss | 7 - CHS 101.6x5 | L : 5.000 m
7;44;12;0.000;V_y;1.78;-2.06;0.63;0.00;0.00;0.00;Truss | 7 - CHS 101.6x5 | L : 5.000 m
7;44;12;0.000;V_z;1.78;-2.06;0.63;0.00;0.00;0.00;Truss | 7 - CHS 101.6x5 | L : 5.000 m
7;44;19;5.000;V_z;1.78;2.06;-0.63;0.00;0.00;0.00;Truss | 7 - CHS 101.6x5 | L : 5.000 m
7;44;;4.500;M_T;1.78;1.99;-0.54;0.00;0.29;1.02;Truss | 7 - CHS 101.6x5 | L : 5.000 m
7;44;;0.500;M_T;1.78;-1.99;0.54;0.00;0.29;1.02;Truss | 7 - CHS 101.6x5 | L : 5.000 m
7;44;;2.500;M_y;1.75;0.00;0.00;0.00;0.87;3.45;Truss | 7 - CHS 101.6x5 | L : 5.000 m
7;44;12;0.000;M_y;1.78;-2.06;0.63;0.00;0.00;0.00;Truss | 7 - CHS 101.6x5 | L : 5.000 m
7;44;;2.500;M_z;1.75;0.00;0.00;0.00;0.87;3.45;Truss | 7 - CHS 101.6x5 | L : 5.000 m
7;49;;2.500;M_z;4.00;0.00;0.00;0.00;0.52;-0.05;Truss | 7 - CHS 101.6x5 | L : 5.000 m
Total;;;;;4.00;2.06;0.63;0.00;0.87;3.45;
7;;;;;-0.40;-2.06;-0.63;0.00;0.00;-0.05;
;;;;;;;;;;;
;Total max/min values with corresponding values;;;;;;;;;;
5;68;42;7.071;N;8.14;0.00;0.00;0.00;0.00;0.00;
1;21;24;0.000;N;-51.24;0.69;36.75;0.00;0.00;0.00;
2;34;39;0.000;V_y / V_u;-6.68;5.01;2.41;-0.01;0.00;0.00;
2;1;1;0.000;V_y / V_u;-6.69;-4.80;2.41;0.01;0.00;0.00;
1;21;24;0.000;V_z / V_v;-51.24;0.69;36.75;0.00;0.00;0.00;
1;147;23;1.650;V_z / V_v;-36.10;-0.01;-38.09;-0.01;-136.61;-0.02;
3;216;119;0.000;M_T;-3.96;-0.48;-5.14;0.49;-2.80;2.80;
3;190;141;0.000;M_T;-3.96;0.49;-5.14;-0.49;-2.80;-2.81;
1;21;23;4.000;M_y / M_u;-46.45;-0.65;32.59;-0.02;136.64;0.00;
1;147;23;1.650;M_y / M_u;-36.10;-0.01;-38.09;-0.01;-136.61;-0.02;
2;1;;1.738;M_z / M_v;-6.00;-0.12;-0.55;0.01;1.61;4.28;
2;34;;1.738;M_z / M_v;-6.00;0.14;-0.55;-0.01;1.61;-4.48;
;;;;;;;;;;;
Total;;;;;8.14;5.01;36.75;0.49;136.64;4.28;
max/min;;;;;-51.24;-4.80;-38.09;-0.49;-136.61;-4.48;
