Member No.;Location;Stress;Design;Loading;Forces [kN];;;Moments [kNm];;;Design Check;Design Check;
;x [m];Point No.;Situation;No.;N;V_y / V_u;V_z / V_v;M_T;M_y / M_u;M_z / M_v;Ratio η [--];Type;Description
1;Beam | 2 - HEA 160 | L : 4.000 m;;;;;;;;;;;;
1;0.000;;DS1;RC1;-12.52;-2.76;0.50;0.01;0.00;0.00;0.399;ST3100.00;Stability | Bending and buckling about principal axes acc. to EN 1993-1-1, 6.3.3
1;0.000;;DS1;RC1;-12.52;-2.76;0.50;0.01;0.00;0.00;0.399;ST3100.00;Stability | Bending and buckling about principal axes acc. to EN 1993-1-1, 6.3.3
1;4.000;;DS1;RC1;-10.89;1.72;-2.30;0.00;-5.10;-0.15;0.389;ST3100.00;Stability | Bending and buckling about principal axes acc. to EN 1993-1-1, 6.3.3
1;4.000;;DS1;RC1;-10.89;1.72;-2.30;0.00;-5.10;-0.15;0.389;ST3100.00;Stability | Bending and buckling about principal axes acc. to EN 1993-1-1, 6.3.3
1;;;;;;;;;;;;;
2;Beam | 3 - HEA 140 | L : 1.650 m;;;;;;;;;;;;
2;0.000;13;DS1;CO7;-4.29;-1.18;6.96;0.07;-6.01;-0.01;0.191;SP6100.00;Section Proof | Axial and shear stress acc. to EN 1993-1-1, 6.2.1(5) | Elastic design
2;1.650;8;DS1;CO17;-5.28;-0.09;4.57;0.09;3.26;2.19;0.274;SP6100.00;Section Proof | Axial and shear stress acc. to EN 1993-1-1, 6.2.1(5) | Elastic design
2;;;;;;;;;;;;;
3;Beam | 3 - HEA 140 | L : 1.575 m;;;;;;;;;;;;
3;0.000;14;DS1;CO17;-5.41;-2.49;5.50;0.05;-6.08;-2.87;0.396;SP6100.00;Section Proof | Axial and shear stress acc. to EN 1993-1-1, 6.2.1(5) | Elastic design
3;1.575;9;DS1;CO7;-4.35;-0.80;7.37;0.03;3.06;0.28;0.121;SP6100.00;Section Proof | Axial and shear stress acc. to EN 1993-1-1, 6.2.1(5) | Elastic design
3;;;;;;;;;;;;;
4;Beam | 3 - HEA 140 | L : 0.150 m;;;;;;;;;;;;
4;0.000;1;DS1;CO16;6.05;1.78;7.12;-0.07;-5.25;2.45;0.344;SP6100.00;Section Proof | Axial and shear stress acc. to EN 1993-1-1, 6.2.1(5) | Elastic design
4;0.150;1;DS1;CO16;6.04;1.76;7.07;-0.07;-4.19;2.18;0.295;SP6100.00;Section Proof | Axial and shear stress acc. to EN 1993-1-1, 6.2.1(5) | Elastic design
4;;;;;;;;;;;;;
5;Beam | 3 - HEA 140 | L : 0.075 m;;;;;;;;;;;;
5;0.000;14;DS1;CO15;-3.85;-0.60;9.63;0.49;-6.34;-2.96;0.556;SP6100.00;Section Proof | Axial and shear stress acc. to EN 1993-1-1, 6.2.1(5) | Elastic design
5;0.075;14;DS1;CO15;-3.85;-0.54;9.61;0.49;-5.63;-2.88;0.538;SP6100.00;Section Proof | Axial and shear stress acc. to EN 1993-1-1, 6.2.1(5) | Elastic design
5;;;;;;;;;;;;;
6;Beam | 2 - HEA 160 | L : 4.000 m;;;;;;;;;;;;
6;0.000;;DS1;RC1;-12.29;-2.96;-0.30;-0.01;0.00;0.00;0.404;ST3100.00;Stability | Bending and buckling about principal axes acc. to EN 1993-1-1, 6.3.3
6;0.000;;DS1;RC1;-12.29;-2.96;-0.30;-0.01;0.00;0.00;0.404;ST3100.00;Stability | Bending and buckling about principal axes acc. to EN 1993-1-1, 6.3.3
6;4.000;;DS1;RC1;-10.66;1.90;2.14;0.01;5.16;-0.13;0.393;ST3100.00;Stability | Bending and buckling about principal axes acc. to EN 1993-1-1, 6.3.3
6;4.000;;DS1;RC1;-10.66;1.90;2.14;0.01;5.16;-0.13;0.393;ST3100.00;Stability | Bending and buckling about principal axes acc. to EN 1993-1-1, 6.3.3
6;;;;;;;;;;;;;
7;Beam | 2 - HEA 160 | L : 4.500 m;;;;;;;;;;;;
7;0.000;;DS1;RC1;-27.26;0.45;2.99;0.00;0.00;0.00;0.453;ST3100.00;Stability | Bending and buckling about principal axes acc. to EN 1993-1-1, 6.3.3
7;0.000;;DS1;RC1;-27.26;0.45;2.99;0.00;0.00;0.00;0.453;ST3100.00;Stability | Bending and buckling about principal axes acc. to EN 1993-1-1, 6.3.3
7;4.500;;DS1;RC1;-25.41;-0.43;-1.83;0.00;0.00;0.00;0.441;ST3100.00;Stability | Bending and buckling about principal axes acc. to EN 1993-1-1, 6.3.3
7;4.500;;DS1;RC1;-25.41;-0.43;-1.83;0.00;0.00;0.00;0.441;ST3100.00;Stability | Bending and buckling about principal axes acc. to EN 1993-1-1, 6.3.3
7;;;;;;;;;;;;;
8;Beam | 2 - HEA 160 | L : 5.000 m;;;;;;;;;;;;
8;0.000;;DS1;RC1;-26.62;0.00;3.91;0.00;0.00;0.00;0.528;ST3100.00;Stability | Bending and buckling about principal axes acc. to EN 1993-1-1, 6.3.3
8;0.000;;DS1;RC1;-26.62;0.00;3.91;0.00;0.00;0.00;0.528;ST3100.00;Stability | Bending and buckling about principal axes acc. to EN 1993-1-1, 6.3.3
8;5.000;;DS1;RC1;-24.57;0.00;-2.26;0.00;0.00;0.00;0.512;ST3100.00;Stability | Bending and buckling about principal axes acc. to EN 1993-1-1, 6.3.3
8;5.000;;DS1;RC1;-24.57;0.00;-2.26;0.00;0.00;0.00;0.512;ST3100.00;Stability | Bending and buckling about principal axes acc. to EN 1993-1-1, 6.3.3
8;;;;;;;;;;;;;
9;Beam | 2 - HEA 160 | L : 4.500 m;;;;;;;;;;;;
9;0.000;;DS1;RC1;-24.34;0.40;-4.17;0.00;0.00;0.00;0.440;ST3100.00;Stability | Bending and buckling about principal axes acc. to EN 1993-1-1, 6.3.3
9;0.000;;DS1;RC1;-24.34;0.40;-4.17;0.00;0.00;0.00;0.440;ST3100.00;Stability | Bending and buckling about principal axes acc. to EN 1993-1-1, 6.3.3
9;4.500;;DS1;RC1;-22.50;-0.38;2.56;0.00;0.00;0.00;0.428;ST3100.00;Stability | Bending and buckling about principal axes acc. to EN 1993-1-1, 6.3.3
9;4.500;;DS1;RC1;-22.50;-0.38;2.56;0.00;0.00;0.00;0.428;ST3100.00;Stability | Bending and buckling about principal axes acc. to EN 1993-1-1, 6.3.3
9;;;;;;;;;;;;;
10;Beam | 1 - IPE 500 | L : 4.000 m;;;;;;;;;;;;
10;0.000;;DS1;RC1;-111.30;0.04;-65.59;0.01;0.00;0.00;1.700;ST3100.00;Stability | Bending and buckling about principal axes acc. to EN 1993-1-1, 6.3.3
10;0.000;;DS1;RC1;-111.30;0.04;-65.59;0.01;0.00;0.00;1.700;ST3100.00;Stability | Bending and buckling about principal axes acc. to EN 1993-1-1, 6.3.3
10;4.000;;DS1;RC1;-65.09;-0.03;-39.98;-0.11;-172.78;0.12;1.639;ST3100.00;Stability | Bending and buckling about principal axes acc. to EN 1993-1-1, 6.3.3
10;4.000;;DS1;RC1;-65.09;-0.03;-39.98;-0.11;-172.78;0.12;1.639;ST3100.00;Stability | Bending and buckling about principal axes acc. to EN 1993-1-1, 6.3.3
10;;;;;;;;;;;;;
11;Beam | 1 - IPE 500 | L : 1.650 m;;;;;;;;;;;;
11;0.000;;DS1;RC1;-75.44;0.16;77.98;0.03;-245.55;0.10;0.621;ST3100.00;Stability | Bending and buckling about principal axes acc. to EN 1993-1-1, 6.3.3
11;1.650;;DS1;RC1;-75.02;0.39;76.19;0.09;-118.31;0.19;0.621;ST3100.00;Stability | Bending and buckling about principal axes acc. to EN 1993-1-1, 6.3.3
11;;;;;;;;;;;;;
12;Beam | 1 - IPE 500 | L : 1.575 m;;;;;;;;;;;;
12;0.000;;DS1;RC1;-75.89;0.05;32.97;-0.03;65.20;-0.86;0.322;ST3100.00;Stability | Bending and buckling about principal axes acc. to EN 1993-1-1, 6.3.3
12;1.575;;DS1;RC1;-75.76;0.01;30.94;-0.03;115.54;-0.83;0.322;ST3100.00;Stability | Bending and buckling about principal axes acc. to EN 1993-1-1, 6.3.3
12;;;;;;;;;;;;;
13;Beam | 1 - IPE 500 | L : 0.150 m;;;;;;;;;;;;
13;0.000;;DS1;RC1;-72.18;0.38;6.62;0.03;145.60;0.33;0.403;ST3100.00;Stability | Bending and buckling about principal axes acc. to EN 1993-1-1, 6.3.3
13;0.150;;DS1;RC1;-72.20;0.38;6.43;0.03;146.58;0.24;0.403;ST3100.00;Stability | Bending and buckling about principal axes acc. to EN 1993-1-1, 6.3.3
13;;;;;;;;;;;;;
14;Beam | 1 - IPE 500 | L : 0.075 m;;;;;;;;;;;;
14;0.000;;DS1;RC1;-71.05;0.07;-34.10;0.03;63.64;-0.84;0.207;ST3100.00;Stability | Bending and buckling about principal axes acc. to EN 1993-1-1, 6.3.3
14;0.075;;DS1;RC1;-71.06;0.07;-34.20;0.03;61.08;-0.85;0.207;ST3100.00;Stability | Bending and buckling about principal axes acc. to EN 1993-1-1, 6.3.3
14;;;;;;;;;;;;;
15;Beam | 1 - IPE 500 | L : 4.000 m;;;;;;;;;;;;
15;0.000;;DS1;RC1;-111.18;0.04;69.45;-0.01;0.00;0.00;1.704;ST3100.00;Stability | Bending and buckling about principal axes acc. to EN 1993-1-1, 6.3.3
15;0.000;;DS1;RC1;-111.18;0.04;69.45;-0.01;0.00;0.00;1.704;ST3100.00;Stability | Bending and buckling about principal axes acc. to EN 1993-1-1, 6.3.3
15;4.000;;DS1;RC1;-65.13;-0.03;38.92;0.11;175.70;0.11;1.643;ST3100.00;Stability | Bending and buckling about principal axes acc. to EN 1993-1-1, 6.3.3
15;4.000;;DS1;RC1;-65.13;-0.03;38.92;0.11;175.70;0.11;1.643;ST3100.00;Stability | Bending and buckling about principal axes acc. to EN 1993-1-1, 6.3.3
15;;;;;;;;;;;;;
16;Beam | 1 - IPE 500 | L : 4.000 m;;;;;;;;;;;;
16;0.000;;DS1;RC1;-111.31;-0.04;-66.46;-0.01;0.00;0.00;1.696;ST3100.00;Stability | Bending and buckling about principal axes acc. to EN 1993-1-1, 6.3.3
16;0.000;;DS1;RC1;-111.31;-0.04;-66.46;-0.01;0.00;0.00;1.696;ST3100.00;Stability | Bending and buckling about principal axes acc. to EN 1993-1-1, 6.3.3
16;4.000;;DS1;RC1;-90.12;-0.03;-46.23;-0.11;-193.85;0.13;1.669;ST3100.00;Stability | Bending and buckling about principal axes acc. to EN 1993-1-1, 6.3.3
16;4.000;;DS1;RC1;-90.12;-0.03;-46.23;-0.11;-193.85;0.13;1.669;ST3100.00;Stability | Bending and buckling about principal axes acc. to EN 1993-1-1, 6.3.3
16;;;;;;;;;;;;;
17;Beam | 1 - IPE 500 | L : 1.650 m;;;;;;;;;;;;
17;0.000;;DS1;RC1;-77.30;-0.19;77.74;-0.04;-244.61;-0.10;0.621;ST3100.00;Stability | Bending and buckling about principal axes acc. to EN 1993-1-1, 6.3.3
17;1.650;;DS1;RC1;-76.88;-0.43;75.96;-0.10;-117.76;-0.19;0.621;ST3100.00;Stability | Bending and buckling about principal axes acc. to EN 1993-1-1, 6.3.3
17;;;;;;;;;;;;;
18;Beam | 1 - IPE 500 | L : 1.575 m;;;;;;;;;;;;
18;0.000;;DS1;RC1;-77.77;-0.06;32.76;0.03;64.96;0.86;0.323;ST3100.00;Stability | Bending and buckling about principal axes acc. to EN 1993-1-1, 6.3.3
18;1.575;;DS1;RC1;-77.63;-0.02;30.73;0.03;114.98;0.86;0.323;ST3100.00;Stability | Bending and buckling about principal axes acc. to EN 1993-1-1, 6.3.3
18;;;;;;;;;;;;;
19;Beam | 1 - IPE 500 | L : 0.150 m;;;;;;;;;;;;
19;0.000;;DS1;RC1;-74.05;-0.41;6.83;-0.03;144.32;-0.35;0.406;ST3100.00;Stability | Bending and buckling about principal axes acc. to EN 1993-1-1, 6.3.3
19;0.150;;DS1;RC1;-74.07;-0.41;6.64;-0.04;145.33;-0.26;0.406;ST3100.00;Stability | Bending and buckling about principal axes acc. to EN 1993-1-1, 6.3.3
19;;;;;;;;;;;;;
20;Beam | 1 - IPE 500 | L : 0.075 m;;;;;;;;;;;;
20;0.000;;DS1;RC1;-72.92;-0.07;-33.87;-0.03;63.40;0.85;0.207;ST3100.00;Stability | Bending and buckling about principal axes acc. to EN 1993-1-1, 6.3.3
20;0.075;;DS1;RC1;-72.92;-0.07;-33.97;-0.03;60.86;0.86;0.207;ST3100.00;Stability | Bending and buckling about principal axes acc. to EN 1993-1-1, 6.3.3
20;;;;;;;;;;;;;
21;Beam | 1 - IPE 500 | L : 4.000 m;;;;;;;;;;;;
21;0.000;;DS1;RC1;-111.18;-0.04;70.33;0.01;0.00;0.00;1.703;ST3100.00;Stability | Bending and buckling about principal axes acc. to EN 1993-1-1, 6.3.3
21;0.000;;DS1;RC1;-111.18;-0.04;70.33;0.01;0.00;0.00;1.703;ST3100.00;Stability | Bending and buckling about principal axes acc. to EN 1993-1-1, 6.3.3
21;4.000;;DS1;RC1;-90.02;-0.03;44.48;0.11;196.65;0.12;1.675;ST3100.00;Stability | Bending and buckling about principal axes acc. to EN 1993-1-1, 6.3.3
21;4.000;;DS1;RC1;-90.02;-0.03;44.48;0.11;196.65;0.12;1.675;ST3100.00;Stability | Bending and buckling about principal axes acc. to EN 1993-1-1, 6.3.3
21;;;;;;;;;;;;;
22;Beam | 1 - IPE 500 | L : 4.000 m;;;;;;;;;;;;
22;0.000;;DS1;RC1;-97.81;0.00;-65.65;0.00;0.00;0.00;1.658;ST3100.00;Stability | Bending and buckling about principal axes acc. to EN 1993-1-1, 6.3.3
22;0.000;;DS1;RC1;-97.81;0.00;-65.65;0.00;0.00;0.00;1.658;ST3100.00;Stability | Bending and buckling about principal axes acc. to EN 1993-1-1, 6.3.3
22;4.000;;DS1;RC1;-65.95;-0.03;-43.02;-0.11;-179.00;0.13;1.616;ST3100.00;Stability | Bending and buckling about principal axes acc. to EN 1993-1-1, 6.3.3
22;4.000;;DS1;RC1;-65.95;-0.03;-43.02;-0.11;-179.00;0.13;1.616;ST3100.00;Stability | Bending and buckling about principal axes acc. to EN 1993-1-1, 6.3.3
22;;;;;;;;;;;;;
23;Beam | 1 - IPE 500 | L : 1.650 m;;;;;;;;;;;;
23;0.000;;DS1;RC1;-65.91;-0.20;78.48;-0.03;-249.78;-0.19;0.609;ST3100.00;Stability | Bending and buckling about principal axes acc. to EN 1993-1-1, 6.3.3
23;1.650;;DS1;RC1;-66.37;0.45;76.42;0.10;-120.13;0.19;0.609;ST3100.00;Stability | Bending and buckling about principal axes acc. to EN 1993-1-1, 6.3.3
23;;;;;;;;;;;;;
24;Beam | 1 - IPE 500 | L : 1.575 m;;;;;;;;;;;;
24;0.000;;DS1;RC1;-42.03;0.03;24.81;-0.06;46.34;-1.12;0.303;ST3100.00;Stability | Bending and buckling about principal axes acc. to EN 1993-1-1, 6.3.3
24;1.575;;DS1;RC1;-62.19;0.05;31.88;-0.03;115.92;-0.85;0.311;ST3100.00;Stability | Bending and buckling about principal axes acc. to EN 1993-1-1, 6.3.3
24;;;;;;;;;;;;;
25;Beam | 1 - IPE 500 | L : 0.150 m;;;;;;;;;;;;
25;0.000;;DS1;RC1;-58.61;0.33;5.65;0.02;149.33;0.24;0.374;ST3100.00;Stability | Bending and buckling about principal axes acc. to EN 1993-1-1, 6.3.3
25;0.150;;DS1;RC1;-58.63;0.33;5.46;0.03;150.16;0.17;0.374;ST3100.00;Stability | Bending and buckling about principal axes acc. to EN 1993-1-1, 6.3.3
25;;;;;;;;;;;;;
26;Beam | 1 - IPE 500 | L : 0.075 m;;;;;;;;;;;;
26;0.000;;DS1;RC1;-42.07;0.25;-25.26;0.05;45.29;-1.10;0.192;ST3100.00;Stability | Bending and buckling about principal axes acc. to EN 1993-1-1, 6.3.3
26;0.075;;DS1;RC1;-42.08;0.25;-25.36;0.05;43.40;-1.13;0.192;ST3100.00;Stability | Bending and buckling about principal axes acc. to EN 1993-1-1, 6.3.3
26;;;;;;;;;;;;;
27;Beam | 1 - IPE 500 | L : 4.000 m;;;;;;;;;;;;
27;0.000;;DS1;RC1;-97.57;1.34;67.38;0.00;0.00;0.00;1.663;ST3100.00;Stability | Bending and buckling about principal axes acc. to EN 1993-1-1, 6.3.3
27;0.000;;DS1;RC1;-97.57;1.34;67.38;0.00;0.00;0.00;1.663;ST3100.00;Stability | Bending and buckling about principal axes acc. to EN 1993-1-1, 6.3.3
27;4.000;;DS1;RC1;-65.93;-0.03;41.82;0.11;181.46;0.13;1.622;ST3100.00;Stability | Bending and buckling about principal axes acc. to EN 1993-1-1, 6.3.3
27;4.000;;DS1;RC1;-65.93;-0.03;41.82;0.11;181.46;0.13;1.622;ST3100.00;Stability | Bending and buckling about principal axes acc. to EN 1993-1-1, 6.3.3
27;;;;;;;;;;;;;
28;Beam | 1 - IPE 500 | L : 4.000 m;;;;;;;;;;;;
28;0.000;;DS1;RC1;-97.76;0.00;-65.60;0.00;0.00;0.00;1.657;ST3100.00;Stability | Bending and buckling about principal axes acc. to EN 1993-1-1, 6.3.3
28;0.000;;DS1;RC1;-97.76;0.00;-65.60;0.00;0.00;0.00;1.657;ST3100.00;Stability | Bending and buckling about principal axes acc. to EN 1993-1-1, 6.3.3
28;4.000;;DS1;RC1;-65.92;-0.03;-42.99;-0.11;-178.89;0.13;1.615;ST3100.00;Stability | Bending and buckling about principal axes acc. to EN 1993-1-1, 6.3.3
28;4.000;;DS1;RC1;-65.92;-0.03;-42.99;-0.11;-178.89;0.13;1.615;ST3100.00;Stability | Bending and buckling about principal axes acc. to EN 1993-1-1, 6.3.3
28;;;;;;;;;;;;;
29;Beam | 1 - IPE 500 | L : 1.650 m;;;;;;;;;;;;
29;0.000;;DS1;RC1;-64.94;-0.19;78.63;-0.02;-250.37;-0.19;0.608;ST3100.00;Stability | Bending and buckling about principal axes acc. to EN 1993-1-1, 6.3.3
29;1.650;;DS1;RC1;-66.35;0.43;76.39;0.10;-120.08;0.19;0.609;ST3100.00;Stability | Bending and buckling about principal axes acc. to EN 1993-1-1, 6.3.3
29;;;;;;;;;;;;;
30;Beam | 1 - IPE 500 | L : 1.575 m;;;;;;;;;;;;
30;0.000;;DS1;RC1;-62.30;0.10;33.88;-0.03;64.08;-0.79;0.311;ST3100.00;Stability | Bending and buckling about principal axes acc. to EN 1993-1-1, 6.3.3
30;1.575;;DS1;RC1;-62.16;0.06;31.87;-0.03;115.87;-0.84;0.310;ST3100.00;Stability | Bending and buckling about principal axes acc. to EN 1993-1-1, 6.3.3
30;;;;;;;;;;;;;
31;Beam | 1 - IPE 500 | L : 0.150 m;;;;;;;;;;;;
31;0.000;;DS1;RC1;-63.35;-0.07;5.08;-0.01;148.32;-0.09;0.375;ST3100.00;Stability | Bending and buckling about principal axes acc. to EN 1993-1-1, 6.3.3
31;0.150;;DS1;RC1;-56.74;-0.25;5.42;-0.02;151.42;-0.09;0.372;ST3100.00;Stability | Bending and buckling about principal axes acc. to EN 1993-1-1, 6.3.3
31;;;;;;;;;;;;;
32;Beam | 1 - IPE 500 | L : 0.075 m;;;;;;;;;;;;
32;0.000;;DS1;RC1;-42.04;0.27;-25.24;0.06;45.27;-1.07;0.191;ST3100.00;Stability | Bending and buckling about principal axes acc. to EN 1993-1-1, 6.3.3
32;0.075;;DS1;RC1;-42.05;0.26;-25.33;0.06;43.37;-1.09;0.191;ST3100.00;Stability | Bending and buckling about principal axes acc. to EN 1993-1-1, 6.3.3
32;;;;;;;;;;;;;
33;Beam | 1 - IPE 500 | L : 4.000 m;;;;;;;;;;;;
33;0.000;;DS1;RC1;-97.52;1.34;67.33;0.00;0.00;0.00;1.662;ST3100.00;Stability | Bending and buckling about principal axes acc. to EN 1993-1-1, 6.3.3
33;0.000;;DS1;RC1;-97.52;1.34;67.33;0.00;0.00;0.00;1.662;ST3100.00;Stability | Bending and buckling about principal axes acc. to EN 1993-1-1, 6.3.3
33;4.000;;DS1;RC1;-65.90;-0.03;41.79;0.11;181.34;0.12;1.620;ST3100.00;Stability | Bending and buckling about principal axes acc. to EN 1993-1-1, 6.3.3
33;4.000;;DS1;RC1;-65.90;-0.03;41.79;0.11;181.34;0.12;1.620;ST3100.00;Stability | Bending and buckling about principal axes acc. to EN 1993-1-1, 6.3.3
33;;;;;;;;;;;;;
34;Beam | 2 - HEA 160 | L : 4.000 m;;;;;;;;;;;;
34;0.000;;DS1;RC1;-12.52;3.16;0.50;-0.01;0.00;0.00;0.410;ST3100.00;Stability | Bending and buckling about principal axes acc. to EN 1993-1-1, 6.3.3
34;0.000;;DS1;RC1;-12.52;3.16;0.50;-0.01;0.00;0.00;0.410;ST3100.00;Stability | Bending and buckling about principal axes acc. to EN 1993-1-1, 6.3.3
34;4.000;;DS1;RC1;-10.88;-2.09;-2.30;0.01;-5.10;0.14;0.399;ST3100.00;Stability | Bending and buckling about principal axes acc. to EN 1993-1-1, 6.3.3
34;4.000;;DS1;RC1;-10.88;-2.09;-2.30;0.01;-5.10;0.14;0.399;ST3100.00;Stability | Bending and buckling about principal axes acc. to EN 1993-1-1, 6.3.3
34;;;;;;;;;;;;;
35;Beam | 3 - HEA 140 | L : 1.650 m;;;;;;;;;;;;
35;0.000;13;DS1;CO7;-4.29;1.17;6.96;-0.08;-6.01;0.01;0.192;SP6100.00;Section Proof | Axial and shear stress acc. to EN 1993-1-1, 6.2.1(5) | Elastic design
35;1.650;1;DS1;CO17;-5.28;0.08;4.57;-0.10;3.26;-2.18;0.274;SP6100.00;Section Proof | Axial and shear stress acc. to EN 1993-1-1, 6.2.1(5) | Elastic design
35;;;;;;;;;;;;;
36;Beam | 3 - HEA 140 | L : 1.575 m;;;;;;;;;;;;
36;0.000;21;DS1;CO17;-5.41;2.49;5.50;-0.05;-6.08;2.86;0.395;SP6100.00;Section Proof | Axial and shear stress acc. to EN 1993-1-1, 6.2.1(5) | Elastic design
36;1.575;9;DS1;CO7;-4.35;0.80;7.37;-0.03;3.06;-0.28;0.121;SP6100.00;Section Proof | Axial and shear stress acc. to EN 1993-1-1, 6.2.1(5) | Elastic design
36;;;;;;;;;;;;;
37;Beam | 3 - HEA 140 | L : 0.150 m;;;;;;;;;;;;
37;0.000;8;DS1;CO19;5.93;-1.75;7.12;0.07;-5.26;-2.38;0.339;SP6100.00;Section Proof | Axial and shear stress acc. to EN 1993-1-1, 6.2.1(5) | Elastic design
37;0.150;8;DS1;CO19;5.92;-1.72;7.07;0.07;-4.20;-2.11;0.290;SP6100.00;Section Proof | Axial and shear stress acc. to EN 1993-1-1, 6.2.1(5) | Elastic design
37;;;;;;;;;;;;;
38;Beam | 3 - HEA 140 | L : 0.075 m;;;;;;;;;;;;
38;0.000;21;DS1;CO15;-3.85;0.60;9.63;-0.49;-6.34;2.95;0.555;SP6100.00;Section Proof | Axial and shear stress acc. to EN 1993-1-1, 6.2.1(5) | Elastic design
38;0.075;21;DS1;CO15;-3.85;0.54;9.61;-0.49;-5.63;2.88;0.538;SP6100.00;Section Proof | Axial and shear stress acc. to EN 1993-1-1, 6.2.1(5) | Elastic design
38;;;;;;;;;;;;;
39;Beam | 2 - HEA 160 | L : 4.000 m;;;;;;;;;;;;
39;0.000;;DS1;RC1;-12.29;2.96;-0.30;0.01;0.00;0.00;0.404;ST3100.00;Stability | Bending and buckling about principal axes acc. to EN 1993-1-1, 6.3.3
39;0.000;;DS1;RC1;-12.29;2.96;-0.30;0.01;0.00;0.00;0.404;ST3100.00;Stability | Bending and buckling about principal axes acc. to EN 1993-1-1, 6.3.3
39;4.000;;DS1;RC1;-10.66;-1.90;2.14;-0.01;5.16;0.13;0.393;ST3100.00;Stability | Bending and buckling about principal axes acc. to EN 1993-1-1, 6.3.3
39;4.000;;DS1;RC1;-10.66;-1.90;2.14;-0.01;5.16;0.13;0.393;ST3100.00;Stability | Bending and buckling about principal axes acc. to EN 1993-1-1, 6.3.3
39;;;;;;;;;;;;;
40;Beam | 2 - HEA 160 | L : 4.500 m;;;;;;;;;;;;
40;0.000;;DS1;RC1;-27.26;0.45;-2.99;0.00;0.00;0.00;0.473;ST3100.00;Stability | Bending and buckling about principal axes acc. to EN 1993-1-1, 6.3.3
40;0.000;;DS1;RC1;-27.26;0.45;-2.99;0.00;0.00;0.00;0.473;ST3100.00;Stability | Bending and buckling about principal axes acc. to EN 1993-1-1, 6.3.3
40;4.500;;DS1;RC1;-25.41;-0.43;1.83;0.00;0.00;0.00;0.461;ST3100.00;Stability | Bending and buckling about principal axes acc. to EN 1993-1-1, 6.3.3
40;4.500;;DS1;RC1;-25.41;-0.43;1.83;0.00;0.00;0.00;0.461;ST3100.00;Stability | Bending and buckling about principal axes acc. to EN 1993-1-1, 6.3.3
40;;;;;;;;;;;;;
41;Beam | 2 - HEA 160 | L : 5.000 m;;;;;;;;;;;;
41;0.000;;DS1;RC1;-26.62;0.00;-4.77;0.00;0.00;0.00;0.528;ST3100.00;Stability | Bending and buckling about principal axes acc. to EN 1993-1-1, 6.3.3
41;0.000;;DS1;RC1;-26.62;0.00;-4.77;0.00;0.00;0.00;0.528;ST3100.00;Stability | Bending and buckling about principal axes acc. to EN 1993-1-1, 6.3.3
41;5.000;;DS1;RC1;-24.57;0.00;3.08;0.00;0.00;0.00;0.512;ST3100.00;Stability | Bending and buckling about principal axes acc. to EN 1993-1-1, 6.3.3
41;5.000;;DS1;RC1;-24.57;0.00;3.08;0.00;0.00;0.00;0.512;ST3100.00;Stability | Bending and buckling about principal axes acc. to EN 1993-1-1, 6.3.3
41;;;;;;;;;;;;;
42;Beam | 2 - HEA 160 | L : 4.500 m;;;;;;;;;;;;
42;0.000;;DS1;RC1;-24.34;0.40;4.17;0.00;0.00;0.00;0.440;ST3100.00;Stability | Bending and buckling about principal axes acc. to EN 1993-1-1, 6.3.3
42;0.000;;DS1;RC1;-24.34;0.40;4.17;0.00;0.00;0.00;0.440;ST3100.00;Stability | Bending and buckling about principal axes acc. to EN 1993-1-1, 6.3.3
42;4.500;;DS1;RC1;-22.50;-0.38;-2.56;0.00;0.00;0.00;0.428;ST3100.00;Stability | Bending and buckling about principal axes acc. to EN 1993-1-1, 6.3.3
42;4.500;;DS1;RC1;-22.50;-0.38;-2.56;0.00;0.00;0.00;0.428;ST3100.00;Stability | Bending and buckling about principal axes acc. to EN 1993-1-1, 6.3.3
42;;;;;;;;;;;;;
43;Truss | 6 - CHS 60.3x5 | L : 5.000 m;;;;;;;;;;;;
43;0.000;;DS1;RC1;-2.94;3.40;-0.08;0.00;0.00;0.00;1.799;ST3100.00;Stability | Bending and buckling about principal axes acc. to EN 1993-1-1, 6.3.3
43;5.000;;DS1;RC1;-3.00;-3.03;0.04;0.00;0.00;0.00;1.804;ST3100.00;Stability | Bending and buckling about principal axes acc. to EN 1993-1-1, 6.3.3
43;;;;;;;;;;;;;
44;Truss | 7 - CHS 101.6x5 | L : 5.000 m;;;;;;;;;;;;
44;0.000;;DS1;RC1;-22.94;1.85;0.28;0.00;0.00;0.00;0.743;ST3100.00;Stability | Bending and buckling about principal axes acc. to EN 1993-1-1, 6.3.3
44;5.000;;DS1;RC1;-22.94;-1.85;-0.28;0.00;0.00;0.00;0.743;ST3100.00;Stability | Bending and buckling about principal axes acc. to EN 1993-1-1, 6.3.3
44;;;;;;;;;;;;;
45;Truss | 6 - CHS 60.3x5 | L : 5.000 m;;;;;;;;;;;;
45;0.000;;DS1;RC1;-3.79;1.80;0.09;0.00;0.00;0.00;1.174;ST3100.00;Stability | Bending and buckling about principal axes acc. to EN 1993-1-1, 6.3.3
45;5.000;;DS1;RC1;-3.79;-1.80;-0.09;0.00;0.00;0.00;1.174;ST3100.00;Stability | Bending and buckling about principal axes acc. to EN 1993-1-1, 6.3.3
45;;;;;;;;;;;;;
46;Truss | 6 - CHS 60.3x5 | L : 5.000 m;;;;;;;;;;;;
46;0.000;;DS1;RC1;-3.33;2.81;-0.02;0.00;0.00;0.00;1.666;ST3100.00;Stability | Bending and buckling about principal axes acc. to EN 1993-1-1, 6.3.3
46;5.000;;DS1;RC1;-3.33;-2.81;0.02;0.00;0.00;0.00;1.666;ST3100.00;Stability | Bending and buckling about principal axes acc. to EN 1993-1-1, 6.3.3
46;;;;;;;;;;;;;
47;Truss | 6 - CHS 60.3x5 | L : 5.000 m;;;;;;;;;;;;
47;0.000;;DS1;RC1;-3.00;3.03;-0.04;0.00;0.00;0.00;1.805;ST3100.00;Stability | Bending and buckling about principal axes acc. to EN 1993-1-1, 6.3.3
47;5.000;;DS1;RC1;-2.94;-3.40;0.08;0.00;0.00;0.00;1.800;ST3100.00;Stability | Bending and buckling about principal axes acc. to EN 1993-1-1, 6.3.3
47;;;;;;;;;;;;;
48;Truss | 6 - CHS 60.3x5 | L : 5.000 m;;;;;;;;;;;;
48;0.000;;DS1;RC1;-6.60;0.03;0.29;0.00;0.00;0.00;0.391;ST3100.00;Stability | Bending and buckling about principal axes acc. to EN 1993-1-1, 6.3.3
48;5.000;;DS1;RC1;-6.60;-0.03;-0.29;0.00;0.00;0.00;0.392;ST3100.00;Stability | Bending and buckling about principal axes acc. to EN 1993-1-1, 6.3.3
48;;;;;;;;;;;;;
49;Truss | 7 - CHS 101.6x5 | L : 5.000 m;;;;;;;;;;;;
49;0.000;;DS1;RC1;-15.69;0.04;0.44;0.00;0.00;0.00;0.186;ST3100.00;Stability | Bending and buckling about principal axes acc. to EN 1993-1-1, 6.3.3
49;5.000;;DS1;RC1;-15.69;-0.04;-0.44;0.00;0.00;0.00;0.186;ST3100.00;Stability | Bending and buckling about principal axes acc. to EN 1993-1-1, 6.3.3
49;;;;;;;;;;;;;
50;Truss | 6 - CHS 60.3x5 | L : 5.000 m;;;;;;;;;;;;
50;0.000;;DS1;RC1;-7.21;0.03;0.30;0.00;0.00;0.00;0.422;ST3100.00;Stability | Bending and buckling about principal axes acc. to EN 1993-1-1, 6.3.3
50;5.000;;DS1;RC1;-7.21;-0.03;-0.30;0.00;0.00;0.00;0.422;ST3100.00;Stability | Bending and buckling about principal axes acc. to EN 1993-1-1, 6.3.3
50;;;;;;;;;;;;;
51;Truss | 6 - CHS 60.3x5 | L : 5.000 m;;;;;;;;;;;;
51;0.000;;DS1;RC1;-6.94;0.03;0.29;0.00;0.00;0.00;0.408;ST3100.00;Stability | Bending and buckling about principal axes acc. to EN 1993-1-1, 6.3.3
51;5.000;;DS1;RC1;-6.94;-0.03;-0.29;0.00;0.00;0.00;0.408;ST3100.00;Stability | Bending and buckling about principal axes acc. to EN 1993-1-1, 6.3.3
51;;;;;;;;;;;;;
52;Truss | 6 - CHS 60.3x5 | L : 5.000 m;;;;;;;;;;;;
52;0.000;;DS1;RC1;-6.61;0.03;0.29;0.00;0.00;0.00;0.392;ST3100.00;Stability | Bending and buckling about principal axes acc. to EN 1993-1-1, 6.3.3
52;5.000;;DS1;RC1;-6.61;-0.03;-0.29;0.00;0.00;0.00;0.392;ST3100.00;Stability | Bending and buckling about principal axes acc. to EN 1993-1-1, 6.3.3
52;;;;;;;;;;;;;
53;Truss | 6 - CHS 60.3x5 | L : 5.000 m;;;;;;;;;;;;
53;0.000;;DS1;RC1;-8.12;0.00;0.31;0.00;0.00;0.00;0.459;ST3100.00;Stability | Bending and buckling about principal axes acc. to EN 1993-1-1, 6.3.3
53;5.000;;DS1;RC1;-8.12;0.00;-0.31;0.00;0.00;0.00;0.459;ST3100.00;Stability | Bending and buckling about principal axes acc. to EN 1993-1-1, 6.3.3
53;;;;;;;;;;;;;
54;Truss | 7 - CHS 101.6x5 | L : 5.000 m;;;;;;;;;;;;
54;0.000;;DS1;RC1;-11.25;0.00;0.43;0.00;0.00;0.00;0.144;ST3100.00;Stability | Bending and buckling about principal axes acc. to EN 1993-1-1, 6.3.3
54;5.000;;DS1;RC1;-11.25;0.00;-0.43;0.00;0.00;0.00;0.144;ST3100.00;Stability | Bending and buckling about principal axes acc. to EN 1993-1-1, 6.3.3
54;;;;;;;;;;;;;
55;Truss | 6 - CHS 60.3x5 | L : 5.000 m;;;;;;;;;;;;
55;0.000;;DS1;RC1;-9.90;0.00;0.33;0.00;0.00;0.00;0.550;ST3100.00;Stability | Bending and buckling about principal axes acc. to EN 1993-1-1, 6.3.3
55;5.000;;DS1;RC1;-9.90;0.00;-0.33;0.00;0.00;0.00;0.550;ST3100.00;Stability | Bending and buckling about principal axes acc. to EN 1993-1-1, 6.3.3
55;;;;;;;;;;;;;
56;Truss | 6 - CHS 60.3x5 | L : 5.000 m;;;;;;;;;;;;
56;0.000;;DS1;RC1;-8.85;0.00;0.32;0.00;0.00;0.00;0.496;ST3100.00;Stability | Bending and buckling about principal axes acc. to EN 1993-1-1, 6.3.3
56;5.000;;DS1;RC1;-8.85;0.00;-0.32;0.00;0.00;0.00;0.496;ST3100.00;Stability | Bending and buckling about principal axes acc. to EN 1993-1-1, 6.3.3
56;;;;;;;;;;;;;
57;Truss | 6 - CHS 60.3x5 | L : 5.000 m;;;;;;;;;;;;
57;0.000;;DS1;RC1;-8.06;0.00;0.31;0.00;0.00;0.00;0.456;ST3100.00;Stability | Bending and buckling about principal axes acc. to EN 1993-1-1, 6.3.3
57;5.000;;DS1;RC1;-8.06;0.00;-0.31;0.00;0.00;0.00;0.456;ST3100.00;Stability | Bending and buckling about principal axes acc. to EN 1993-1-1, 6.3.3
57;;;;;;;;;;;;;
58;Truss | 6 - CHS 60.3x5 | L : 5.000 m;;;;;;;;;;;;
58;0.000;;DS1;RC1;-6.63;-0.03;0.29;0.00;0.00;0.00;0.393;ST3100.00;Stability | Bending and buckling about principal axes acc. to EN 1993-1-1, 6.3.3
58;5.000;;DS1;RC1;-6.64;0.03;-0.29;0.00;0.00;0.00;0.393;ST3100.00;Stability | Bending and buckling about principal axes acc. to EN 1993-1-1, 6.3.3
58;;;;;;;;;;;;;
59;Truss | 7 - CHS 101.6x5 | L : 5.000 m;;;;;;;;;;;;
59;0.000;;DS1;RC1;-15.63;-0.04;0.44;0.00;0.00;0.00;0.185;ST3100.00;Stability | Bending and buckling about principal axes acc. to EN 1993-1-1, 6.3.3
59;5.000;;DS1;RC1;-15.63;0.04;-0.44;0.00;0.00;0.00;0.185;ST3100.00;Stability | Bending and buckling about principal axes acc. to EN 1993-1-1, 6.3.3
59;;;;;;;;;;;;;
60;Truss | 6 - CHS 60.3x5 | L : 5.000 m;;;;;;;;;;;;
60;0.000;;DS1;RC1;-7.23;-0.03;0.30;0.00;0.00;0.00;0.422;ST3100.00;Stability | Bending and buckling about principal axes acc. to EN 1993-1-1, 6.3.3
60;5.000;;DS1;RC1;-7.23;0.03;-0.30;0.00;0.00;0.00;0.422;ST3100.00;Stability | Bending and buckling about principal axes acc. to EN 1993-1-1, 6.3.3
60;;;;;;;;;;;;;
61;Truss | 6 - CHS 60.3x5 | L : 5.000 m;;;;;;;;;;;;
61;0.000;;DS1;RC1;-6.96;-0.03;0.29;0.00;0.00;0.00;0.409;ST3100.00;Stability | Bending and buckling about principal axes acc. to EN 1993-1-1, 6.3.3
61;5.000;;DS1;RC1;-6.96;0.03;-0.29;0.00;0.00;0.00;0.409;ST3100.00;Stability | Bending and buckling about principal axes acc. to EN 1993-1-1, 6.3.3
61;;;;;;;;;;;;;
62;Truss | 6 - CHS 60.3x5 | L : 5.000 m;;;;;;;;;;;;
62;0.000;;DS1;RC1;-6.65;-0.03;0.29;0.00;0.00;0.00;0.394;ST3100.00;Stability | Bending and buckling about principal axes acc. to EN 1993-1-1, 6.3.3
62;5.000;;DS1;RC1;-6.65;0.03;-0.29;0.00;0.00;0.00;0.394;ST3100.00;Stability | Bending and buckling about principal axes acc. to EN 1993-1-1, 6.3.3
62;;;;;;;;;;;;;
63;Truss | 6 - CHS 60.3x5 | L : 5.000 m;;;;;;;;;;;;
63;0.000;;DS1;RC1;-2.90;-3.39;-0.08;0.00;0.00;0.00;1.793;ST3100.00;Stability | Bending and buckling about principal axes acc. to EN 1993-1-1, 6.3.3
63;5.000;;DS1;RC1;-2.95;3.02;0.04;0.00;0.00;0.00;1.798;ST3100.00;Stability | Bending and buckling about principal axes acc. to EN 1993-1-1, 6.3.3
63;;;;;;;;;;;;;
64;Truss | 7 - CHS 101.6x5 | L : 5.000 m;;;;;;;;;;;;
64;0.000;;DS1;RC1;-22.83;-1.85;0.28;0.00;0.00;0.00;0.742;ST3100.00;Stability | Bending and buckling about principal axes acc. to EN 1993-1-1, 6.3.3
64;5.000;;DS1;RC1;-22.83;1.85;-0.28;0.00;0.00;0.00;0.742;ST3100.00;Stability | Bending and buckling about principal axes acc. to EN 1993-1-1, 6.3.3
64;;;;;;;;;;;;;
65;Truss | 6 - CHS 60.3x5 | L : 5.000 m;;;;;;;;;;;;
65;0.000;;DS1;RC1;-3.74;-1.79;0.09;0.00;0.00;0.00;1.176;ST3100.00;Stability | Bending and buckling about principal axes acc. to EN 1993-1-1, 6.3.3
65;5.000;;DS1;RC1;-3.74;1.79;-0.09;0.00;0.00;0.00;1.176;ST3100.00;Stability | Bending and buckling about principal axes acc. to EN 1993-1-1, 6.3.3
65;;;;;;;;;;;;;
66;Truss | 6 - CHS 60.3x5 | L : 5.000 m;;;;;;;;;;;;
66;0.000;;DS1;RC1;-3.28;-2.81;-0.02;0.00;0.00;0.00;1.660;ST3100.00;Stability | Bending and buckling about principal axes acc. to EN 1993-1-1, 6.3.3
66;5.000;;DS1;RC1;-3.28;2.81;0.02;0.00;0.00;0.00;1.660;ST3100.00;Stability | Bending and buckling about principal axes acc. to EN 1993-1-1, 6.3.3
66;;;;;;;;;;;;;
67;Truss | 6 - CHS 60.3x5 | L : 5.000 m;;;;;;;;;;;;
67;0.000;;DS1;RC1;-2.95;-3.02;-0.04;0.00;0.00;0.00;1.798;ST3100.00;Stability | Bending and buckling about principal axes acc. to EN 1993-1-1, 6.3.3
67;5.000;;DS1;RC1;-2.90;3.39;0.08;0.00;0.00;0.00;1.793;ST3100.00;Stability | Bending and buckling about principal axes acc. to EN 1993-1-1, 6.3.3
67;;;;;;;;;;;;;
68;Tension | 5 - L 60x60x6 | L : 7.071 m;;;;;;;;;;;;
68;0.000;;DS1;CO12;7.77;0.00;0.00;0.00;0.00;0.00;0.048;SP1100.00;Section Proof | Tension acc. to EN 1993-1-1, 6.2.3
68;7.071;;DS1;CO12;8.14;0.00;0.00;0.00;0.00;0.00;0.050;SP1100.00;Section Proof | Tension acc. to EN 1993-1-1, 6.2.3
68;;;;;;;;;;;;;
69;Tension | 5 - L 60x60x6 | L : 6.727 m;;;;;;;;;;;;
69;0.000;;DS1;CO10;7.04;0.00;0.00;0.00;0.00;0.00;0.043;SP1100.00;Section Proof | Tension acc. to EN 1993-1-1, 6.2.3
69;6.727;;DS1;CO10;7.37;0.00;0.00;0.00;0.00;0.00;0.045;SP1100.00;Section Proof | Tension acc. to EN 1993-1-1, 6.2.3
69;;;;;;;;;;;;;
70;Tension | 5 - L 60x60x6 | L : 7.071 m;;;;;;;;;;;;
70;0.000;;DS1;CO12;7.77;0.00;0.00;0.00;0.00;0.00;0.048;SP1100.00;Section Proof | Tension acc. to EN 1993-1-1, 6.2.3
70;7.071;;DS1;CO12;8.14;0.00;0.00;0.00;0.00;0.00;0.050;SP1100.00;Section Proof | Tension acc. to EN 1993-1-1, 6.2.3
70;;;;;;;;;;;;;
71;Tension | 5 - L 60x60x6 | L : 6.727 m;;;;;;;;;;;;
71;0.000;;DS1;CO10;7.04;0.00;0.00;0.00;0.00;0.00;0.043;SP1100.00;Section Proof | Tension acc. to EN 1993-1-1, 6.2.3
71;6.727;;DS1;CO10;7.37;0.00;0.00;0.00;0.00;0.00;0.045;SP1100.00;Section Proof | Tension acc. to EN 1993-1-1, 6.2.3
71;;;;;;;;;;;;;
72;Tension | 5 - L 60x60x6 | L : 6.403 m;;;;;;;;;;;;
72;0.000;;DS1;CO18;31.83;0.00;0.00;0.00;0.00;0.00;0.196;SP1100.00;Section Proof | Tension acc. to EN 1993-1-1, 6.2.3
72;6.403;;DS1;CO18;31.54;0.00;0.00;0.00;0.00;0.00;0.194;SP1100.00;Section Proof | Tension acc. to EN 1993-1-1, 6.2.3
72;;;;;;;;;;;;;
73;Tension | 5 - L 60x60x6 | L : 6.403 m;;;;;;;;;;;;
73;0.000;;DS1;CO16;31.81;0.00;0.00;0.00;0.00;0.00;0.196;SP1100.00;Section Proof | Tension acc. to EN 1993-1-1, 6.2.3
73;6.403;;DS1;CO16;31.51;0.00;0.00;0.00;0.00;0.00;0.194;SP1100.00;Section Proof | Tension acc. to EN 1993-1-1, 6.2.3
73;;;;;;;;;;;;;
74;Tension | 5 - L 60x60x6 | L : 6.403 m;;;;;;;;;;;;
74;0.000;;DS1;CO16;31.68;0.00;0.00;0.00;0.00;0.00;0.195;SP1100.00;Section Proof | Tension acc. to EN 1993-1-1, 6.2.3
74;6.403;;DS1;CO16;31.98;0.00;0.00;0.00;0.00;0.00;0.197;SP1100.00;Section Proof | Tension acc. to EN 1993-1-1, 6.2.3
74;;;;;;;;;;;;;
75;Tension | 5 - L 60x60x6 | L : 6.403 m;;;;;;;;;;;;
75;0.000;;DS1;CO18;31.71;0.00;0.00;0.00;0.00;0.00;0.195;SP1100.00;Section Proof | Tension acc. to EN 1993-1-1, 6.2.3
75;6.403;;DS1;CO18;32.00;0.00;0.00;0.00;0.00;0.00;0.197;SP1100.00;Section Proof | Tension acc. to EN 1993-1-1, 6.2.3
75;;;;;;;;;;;;;
76;Tension | 5 - L 60x60x6 | L : 7.089 m;;;;;;;;;;;;
76;0.000;;DS1;CO16;26.55;0.00;0.00;0.00;0.00;0.00;0.164;SP1100.00;Section Proof | Tension acc. to EN 1993-1-1, 6.2.3
76;7.089;;DS1;CO16;26.58;0.00;0.00;0.00;0.00;0.00;0.164;SP1100.00;Section Proof | Tension acc. to EN 1993-1-1, 6.2.3
76;;;;;;;;;;;;;
77;Tension | 5 - L 60x60x6 | L : 7.089 m;;;;;;;;;;;;
77;0.000;;DS1;CO18;26.54;0.00;0.00;0.00;0.00;0.00;0.163;SP1100.00;Section Proof | Tension acc. to EN 1993-1-1, 6.2.3
77;7.089;;DS1;CO18;26.58;0.00;0.00;0.00;0.00;0.00;0.164;SP1100.00;Section Proof | Tension acc. to EN 1993-1-1, 6.2.3
77;;;;;;;;;;;;;
78;Tension | 5 - L 60x60x6 | L : 7.089 m;;;;;;;;;;;;
78;0.000;;DS1;CO16;11.67;0.00;0.00;0.00;0.00;0.00;0.072;SP1100.00;Section Proof | Tension acc. to EN 1993-1-1, 6.2.3
78;7.089;;DS1;CO16;11.71;0.00;0.00;0.00;0.00;0.00;0.072;SP1100.00;Section Proof | Tension acc. to EN 1993-1-1, 6.2.3
78;;;;;;;;;;;;;
79;Tension | 5 - L 60x60x6 | L : 7.089 m;;;;;;;;;;;;
79;0.000;;DS1;CO18;11.68;0.00;0.00;0.00;0.00;0.00;0.072;SP1100.00;Section Proof | Tension acc. to EN 1993-1-1, 6.2.3
79;7.089;;DS1;CO18;11.72;0.00;0.00;0.00;0.00;0.00;0.072;SP1100.00;Section Proof | Tension acc. to EN 1993-1-1, 6.2.3
79;;;;;;;;;;;;;
80;Tension | 5 - L 60x60x6 | L : 7.089 m;;;;;;;;;;;;
80;0.000;;DS1;CO18;11.62;0.00;0.00;0.00;0.00;0.00;0.072;SP1100.00;Section Proof | Tension acc. to EN 1993-1-1, 6.2.3
80;7.089;;DS1;CO18;11.59;0.00;0.00;0.00;0.00;0.00;0.071;SP1100.00;Section Proof | Tension acc. to EN 1993-1-1, 6.2.3
80;;;;;;;;;;;;;
81;Tension | 5 - L 60x60x6 | L : 7.089 m;;;;;;;;;;;;
81;0.000;;DS1;CO16;11.61;0.00;0.00;0.00;0.00;0.00;0.072;SP1100.00;Section Proof | Tension acc. to EN 1993-1-1, 6.2.3
81;7.089;;DS1;CO16;11.58;0.00;0.00;0.00;0.00;0.00;0.071;SP1100.00;Section Proof | Tension acc. to EN 1993-1-1, 6.2.3
81;;;;;;;;;;;;;
82;Tension | 5 - L 60x60x6 | L : 7.089 m;;;;;;;;;;;;
82;0.000;;DS1;CO18;26.50;0.00;0.00;0.00;0.00;0.00;0.163;SP1100.00;Section Proof | Tension acc. to EN 1993-1-1, 6.2.3
82;7.089;;DS1;CO18;26.47;0.00;0.00;0.00;0.00;0.00;0.163;SP1100.00;Section Proof | Tension acc. to EN 1993-1-1, 6.2.3
82;;;;;;;;;;;;;
83;Tension | 5 - L 60x60x6 | L : 7.089 m;;;;;;;;;;;;
83;0.000;;DS1;CO16;26.50;0.00;0.00;0.00;0.00;0.00;0.163;SP1100.00;Section Proof | Tension acc. to EN 1993-1-1, 6.2.3
83;7.089;;DS1;CO16;26.47;0.00;0.00;0.00;0.00;0.00;0.163;SP1100.00;Section Proof | Tension acc. to EN 1993-1-1, 6.2.3
83;;;;;;;;;;;;;
84;Beam | 1 - IPE 500 | L : 1.650 m;;;;;;;;;;;;
84;0.000;;DS1;RC1;-65.15;0.29;63.73;0.06;-120.54;0.20;0.326;ST3100.00;Stability | Bending and buckling about principal axes acc. to EN 1993-1-1, 6.3.3
84;1.650;;DS1;RC1;-69.67;-0.01;63.05;0.00;-26.33;0.01;0.328;ST3100.00;Stability | Bending and buckling about principal axes acc. to EN 1993-1-1, 6.3.3
84;;;;;;;;;;;;;
85;Beam | 1 - IPE 500 | L : 1.650 m;;;;;;;;;;;;
85;0.000;;DS1;RC1;-68.48;0.00;50.38;0.00;-26.79;0.01;0.200;ST3100.00;Stability | Bending and buckling about principal axes acc. to EN 1993-1-1, 6.3.3
85;1.650;;DS1;RC1;-42.87;0.42;33.83;0.15;44.72;-1.11;0.189;ST3100.00;Stability | Bending and buckling about principal axes acc. to EN 1993-1-1, 6.3.3
85;;;;;;;;;;;;;
86;Beam | 1 - IPE 500 | L : 0.075 m;;;;;;;;;;;;
86;0.000;;DS1;RC1;-42.05;-0.26;25.34;-0.06;44.41;-1.10;0.192;ST3100.00;Stability | Bending and buckling about principal axes acc. to EN 1993-1-1, 6.3.3
86;0.075;;DS1;RC1;-42.05;-0.26;25.25;-0.06;46.30;-1.08;0.192;ST3100.00;Stability | Bending and buckling about principal axes acc. to EN 1993-1-1, 6.3.3
86;;;;;;;;;;;;;
87;Beam | 1 - IPE 500 | L : 0.150 m;;;;;;;;;;;;
87;0.000;;DS1;RC1;-56.78;0.25;-5.03;0.02;151.37;-0.09;0.372;ST3100.00;Stability | Bending and buckling about principal axes acc. to EN 1993-1-1, 6.3.3
87;0.150;;DS1;RC1;-63.15;0.06;-7.10;0.01;148.32;-0.09;0.375;ST3100.00;Stability | Bending and buckling about principal axes acc. to EN 1993-1-1, 6.3.3
87;;;;;;;;;;;;;
88;Beam | 1 - IPE 500 | L : 1.650 m;;;;;;;;;;;;
88;0.000;;DS1;RC1;-59.57;-0.22;4.40;-0.04;144.88;-0.48;0.374;ST3100.00;Stability | Bending and buckling about principal axes acc. to EN 1993-1-1, 6.3.3
88;1.650;;DS1;RC1;-57.55;0.20;2.64;0.01;151.65;-0.09;0.373;ST3100.00;Stability | Bending and buckling about principal axes acc. to EN 1993-1-1, 6.3.3
88;;;;;;;;;;;;;
89;Beam | 1 - IPE 500 | L : 1.650 m;;;;;;;;;;;;
89;0.000;;DS1;RC1;-60.96;-0.09;19.21;-0.05;115.41;-0.83;0.369;ST3100.00;Stability | Bending and buckling about principal axes acc. to EN 1993-1-1, 6.3.3
89;1.650;;DS1;RC1;-60.80;-0.12;17.07;-0.03;145.34;-0.48;0.369;ST3100.00;Stability | Bending and buckling about principal axes acc. to EN 1993-1-1, 6.3.3
89;;;;;;;;;;;;;
90;Beam | 4 - Z 232Z23 | L : 5.000 m;;;;;;;;;;;;
90;0.000;;DS1;CO13;-0.35;-0.24;2.16;0.00;0.00;0.00;Non-designable;ER2300.00;Error | Stability design is not possible acc. to EN 1993-1-3, 6.2.4(2)
90;5.000;;DS1;CO13;-0.35;0.24;-2.16;0.00;0.00;0.00;Non-designable;ER2300.00;Error | Stability design is not possible acc. to EN 1993-1-3, 6.2.4(2)
90;;;;;;;;;;;;;
91;Beam | 1 - IPE 500 | L : 1.650 m;;;;;;;;;;;;
91;0.000;;DS1;RC1;-65.17;0.30;63.75;0.06;-120.60;0.19;0.327;ST3100.00;Stability | Bending and buckling about principal axes acc. to EN 1993-1-1, 6.3.3
91;1.650;;DS1;RC1;-69.72;0.00;63.09;0.00;-26.38;0.00;0.329;ST3100.00;Stability | Bending and buckling about principal axes acc. to EN 1993-1-1, 6.3.3
91;;;;;;;;;;;;;
92;Beam | 4 - Z 232Z23 | L : 5.000 m;;;;;;;;;;;;
92;0.000;9;DS1;CO7;0.02;-0.36;3.27;0.00;0.00;0.00;0.052;SP6110.00;Section Proof | Elastic design acc. to EN 1993-1-3, 6.1.6
92;5.000;9;DS1;CO7;0.02;0.36;-3.27;0.00;0.00;0.00;0.052;SP6110.00;Section Proof | Elastic design acc. to EN 1993-1-3, 6.1.6
92;;;;;;;;;;;;;
93;Beam | 4 - Z 232Z23 | L : 5.000 m;;;;;;;;;;;;
93;0.000;9;DS1;CO7;0.31;-0.72;6.35;0.00;0.00;0.00;0.102;SP6110.00;Section Proof | Elastic design acc. to EN 1993-1-3, 6.1.6
93;5.000;9;DS1;CO7;0.31;0.72;-6.35;0.00;0.00;0.00;0.102;SP6110.00;Section Proof | Elastic design acc. to EN 1993-1-3, 6.1.6
93;;;;;;;;;;;;;
94;Beam | 1 - IPE 500 | L : 1.650 m;;;;;;;;;;;;
94;0.000;;DS1;RC1;-68.54;0.00;50.42;0.00;-26.84;0.00;0.200;ST3100.00;Stability | Bending and buckling about principal axes acc. to EN 1993-1-1, 6.3.3
94;1.650;;DS1;RC1;-42.89;0.43;33.86;0.15;44.75;-1.14;0.190;ST3100.00;Stability | Bending and buckling about principal axes acc. to EN 1993-1-1, 6.3.3
94;;;;;;;;;;;;;
95;Beam | 4 - Z 232Z23 | L : 5.000 m;;;;;;;;;;;;
95;0.000;;DS1;CO8;-0.57;-0.74;6.33;0.00;0.00;0.00;Non-designable;ER2300.00;Error | Stability design is not possible acc. to EN 1993-1-3, 6.2.4(2)
95;5.000;;DS1;CO8;-0.57;0.74;-6.33;0.00;0.00;0.00;Non-designable;ER2300.00;Error | Stability design is not possible acc. to EN 1993-1-3, 6.2.4(2)
95;;;;;;;;;;;;;
96;Beam | 1 - IPE 500 | L : 0.075 m;;;;;;;;;;;;
96;0.000;;DS1;RC1;-42.08;-0.25;25.37;-0.06;44.44;-1.14;0.193;ST3100.00;Stability | Bending and buckling about principal axes acc. to EN 1993-1-1, 6.3.3
96;0.075;;DS1;RC1;-42.08;-0.25;25.28;-0.06;46.34;-1.12;0.193;ST3100.00;Stability | Bending and buckling about principal axes acc. to EN 1993-1-1, 6.3.3
96;;;;;;;;;;;;;
97;Beam | 4 - Z 232Z23 | L : 5.000 m;;;;;;;;;;;;
97;0.000;9;DS1;CO7;0.25;-0.71;6.35;0.00;0.00;0.00;0.101;SP6110.00;Section Proof | Elastic design acc. to EN 1993-1-3, 6.1.6
97;5.000;9;DS1;CO7;0.25;0.71;-6.35;0.00;0.00;0.00;0.101;SP6110.00;Section Proof | Elastic design acc. to EN 1993-1-3, 6.1.6
97;;;;;;;;;;;;;
98;Beam | 1 - IPE 500 | L : 1.650 m;;;;;;;;;;;;
98;0.000;;DS1;RC1;-60.98;-0.10;19.22;-0.05;115.45;-0.85;0.369;ST3100.00;Stability | Bending and buckling about principal axes acc. to EN 1993-1-1, 6.3.3
98;1.650;;DS1;RC1;-60.83;-0.13;17.08;-0.03;145.40;-0.48;0.369;ST3100.00;Stability | Bending and buckling about principal axes acc. to EN 1993-1-1, 6.3.3
98;;;;;;;;;;;;;
99;Beam | 4 - Z 232Z23 | L : 5.000 m;;;;;;;;;;;;
99;0.000;9;DS1;CO7;0.28;-0.70;6.35;0.00;0.00;0.00;0.101;SP6110.00;Section Proof | Elastic design acc. to EN 1993-1-3, 6.1.6
99;5.000;9;DS1;CO7;0.28;0.70;-6.35;0.00;0.00;0.00;0.101;SP6110.00;Section Proof | Elastic design acc. to EN 1993-1-3, 6.1.6
99;;;;;;;;;;;;;
100;Beam | 1 - IPE 500 | L : 1.650 m;;;;;;;;;;;;
100;0.000;;DS1;RC1;-59.59;-0.24;4.41;-0.05;144.94;-0.48;0.374;ST3100.00;Stability | Bending and buckling about principal axes acc. to EN 1993-1-1, 6.3.3
100;1.650;;DS1;RC1;-59.40;-0.25;2.26;-0.01;150.44;0.16;0.374;ST3100.00;Stability | Bending and buckling about principal axes acc. to EN 1993-1-1, 6.3.3
100;;;;;;;;;;;;;
101;Beam | 4 - Z 232Z23 | L : 5.000 m;;;;;;;;;;;;
101;0.000;;DS1;CO13;-0.24;-0.24;2.16;0.00;0.00;0.00;Non-designable;ER2300.00;Error | Stability design is not possible acc. to EN 1993-1-3, 6.2.4(2)
101;5.000;;DS1;CO13;-0.24;0.24;-2.16;0.00;0.00;0.00;Non-designable;ER2300.00;Error | Stability design is not possible acc. to EN 1993-1-3, 6.2.4(2)
101;;;;;;;;;;;;;
102;Beam | 4 - Z 232Z23 | L : 5.000 m;;;;;;;;;;;;
102;0.000;;DS1;CO13;-0.36;-0.24;2.16;0.00;0.00;0.00;Non-designable;ER2300.00;Error | Stability design is not possible acc. to EN 1993-1-3, 6.2.4(2)
102;5.000;;DS1;CO13;-0.36;0.24;-2.16;0.00;0.00;0.00;Non-designable;ER2300.00;Error | Stability design is not possible acc. to EN 1993-1-3, 6.2.4(2)
102;;;;;;;;;;;;;
103;Beam | 4 - Z 232Z23 | L : 5.000 m;;;;;;;;;;;;
103;0.000;9;DS1;CO5;0.02;-0.36;3.27;0.00;0.00;0.00;0.052;SP6110.00;Section Proof | Elastic design acc. to EN 1993-1-3, 6.1.6
103;5.000;9;DS1;CO5;0.02;0.36;-3.27;0.00;0.00;0.00;0.052;SP6110.00;Section Proof | Elastic design acc. to EN 1993-1-3, 6.1.6
103;;;;;;;;;;;;;
104;Beam | 4 - Z 232Z23 | L : 5.000 m;;;;;;;;;;;;
104;0.000;9;DS1;CO5;0.31;-0.72;6.35;0.00;0.00;0.00;0.102;SP6110.00;Section Proof | Elastic design acc. to EN 1993-1-3, 6.1.6
104;5.000;9;DS1;CO5;0.31;0.72;-6.35;0.00;0.00;0.00;0.102;SP6110.00;Section Proof | Elastic design acc. to EN 1993-1-3, 6.1.6
104;;;;;;;;;;;;;
105;Beam | 4 - Z 232Z23 | L : 5.000 m;;;;;;;;;;;;
105;0.000;;DS1;CO8;-0.55;-0.74;6.33;0.00;0.00;0.00;Non-designable;ER2300.00;Error | Stability design is not possible acc. to EN 1993-1-3, 6.2.4(2)
105;5.000;;DS1;CO8;-0.55;0.74;-6.33;0.00;0.00;0.00;Non-designable;ER2300.00;Error | Stability design is not possible acc. to EN 1993-1-3, 6.2.4(2)
105;;;;;;;;;;;;;
106;Beam | 4 - Z 232Z23 | L : 5.000 m;;;;;;;;;;;;
106;0.000;9;DS1;CO5;0.26;-0.71;6.35;0.00;0.00;0.00;0.101;SP6110.00;Section Proof | Elastic design acc. to EN 1993-1-3, 6.1.6
106;5.000;9;DS1;CO5;0.26;0.71;-6.35;0.00;0.00;0.00;0.101;SP6110.00;Section Proof | Elastic design acc. to EN 1993-1-3, 6.1.6
106;;;;;;;;;;;;;
107;Beam | 4 - Z 232Z23 | L : 5.000 m;;;;;;;;;;;;
107;0.000;9;DS1;CO5;0.27;-0.70;6.35;0.00;0.00;0.00;0.101;SP6110.00;Section Proof | Elastic design acc. to EN 1993-1-3, 6.1.6
107;5.000;9;DS1;CO5;0.27;0.70;-6.35;0.00;0.00;0.00;0.101;SP6110.00;Section Proof | Elastic design acc. to EN 1993-1-3, 6.1.6
107;;;;;;;;;;;;;
108;Beam | 4 - Z 232Z23 | L : 5.000 m;;;;;;;;;;;;
108;0.000;9;DS1;CO7;0.02;-0.36;3.27;0.00;0.00;0.00;0.052;SP6110.00;Section Proof | Elastic design acc. to EN 1993-1-3, 6.1.6
108;5.000;9;DS1;CO7;0.02;0.36;-3.27;0.00;0.00;0.00;0.052;SP6110.00;Section Proof | Elastic design acc. to EN 1993-1-3, 6.1.6
108;;;;;;;;;;;;;
109;Beam | 1 - IPE 500 | L : 1.650 m;;;;;;;;;;;;
109;0.000;;DS1;RC1;-60.82;0.14;-17.03;0.03;144.47;-0.46;0.368;ST3100.00;Stability | Bending and buckling about principal axes acc. to EN 1993-1-1, 6.3.3
109;1.650;;DS1;RC1;-60.05;-0.11;-19.08;-0.05;115.41;0.83;0.367;ST3100.00;Stability | Bending and buckling about principal axes acc. to EN 1993-1-1, 6.3.3
109;;;;;;;;;;;;;
110;Beam | 1 - IPE 500 | L : 1.575 m;;;;;;;;;;;;
110;0.000;;DS1;RC1;-61.26;0.03;-31.75;-0.03;115.24;0.83;0.309;ST3100.00;Stability | Bending and buckling about principal axes acc. to EN 1993-1-1, 6.3.3
110;1.575;;DS1;RC1;-42.03;-0.02;-24.80;0.05;45.29;-1.10;0.302;ST3100.00;Stability | Bending and buckling about principal axes acc. to EN 1993-1-1, 6.3.3
110;;;;;;;;;;;;;
111;Beam | 1 - IPE 500 | L : 1.650 m;;;;;;;;;;;;
111;0.000;;DS1;RC1;-42.89;-0.42;-33.85;-0.15;43.28;-1.10;0.187;ST3100.00;Stability | Bending and buckling about principal axes acc. to EN 1993-1-1, 6.3.3
111;1.650;;DS1;RC1;-68.51;0.01;-50.20;0.00;-27.66;0.00;0.197;ST3100.00;Stability | Bending and buckling about principal axes acc. to EN 1993-1-1, 6.3.3
111;;;;;;;;;;;;;
112;Beam | 1 - IPE 500 | L : 1.650 m;;;;;;;;;;;;
112;0.000;;DS1;RC1;-69.69;0.02;-62.87;0.00;-27.83;0.00;0.331;ST3100.00;Stability | Bending and buckling about principal axes acc. to EN 1993-1-1, 6.3.3
112;1.650;;DS1;RC1;-65.17;-0.29;-63.69;-0.06;-123.09;0.19;0.329;ST3100.00;Stability | Bending and buckling about principal axes acc. to EN 1993-1-1, 6.3.3
112;;;;;;;;;;;;;
113;Beam | 1 - IPE 500 | L : 1.650 m;;;;;;;;;;;;
113;0.000;;DS1;RC1;-66.37;-0.44;-76.36;-0.10;-123.26;0.20;0.612;ST3100.00;Stability | Bending and buckling about principal axes acc. to EN 1993-1-1, 6.3.3
113;1.650;;DS1;RC1;-71.61;0.03;-79.24;0.00;-262.69;-0.09;0.614;ST3100.00;Stability | Bending and buckling about principal axes acc. to EN 1993-1-1, 6.3.3
113;;;;;;;;;;;;;
114;Beam | 1 - IPE 500 | L : 1.650 m;;;;;;;;;;;;
114;0.000;;DS1;RC1;-60.80;0.13;-17.02;0.03;144.41;-0.47;0.367;ST3100.00;Stability | Bending and buckling about principal axes acc. to EN 1993-1-1, 6.3.3
114;1.650;;DS1;RC1;-60.95;0.09;-19.16;0.05;114.56;-0.82;0.367;ST3100.00;Stability | Bending and buckling about principal axes acc. to EN 1993-1-1, 6.3.3
114;;;;;;;;;;;;;
115;Beam | 1 - IPE 500 | L : 1.575 m;;;;;;;;;;;;
115;0.000;;DS1;RC1;-62.16;-0.05;-31.82;0.03;114.39;-0.82;0.309;ST3100.00;Stability | Bending and buckling about principal axes acc. to EN 1993-1-1, 6.3.3
115;1.575;;DS1;RC1;-62.29;-0.09;-33.83;0.03;62.68;-0.78;0.309;ST3100.00;Stability | Bending and buckling about principal axes acc. to EN 1993-1-1, 6.3.3
115;;;;;;;;;;;;;
116;Beam | 1 - IPE 500 | L : 1.650 m;;;;;;;;;;;;
116;0.000;;DS1;RC1;-42.86;-0.41;-33.82;-0.15;43.26;-1.06;0.186;ST3100.00;Stability | Bending and buckling about principal axes acc. to EN 1993-1-1, 6.3.3
116;1.650;;DS1;RC1;-68.46;0.02;-50.16;0.00;-27.61;0.02;0.196;ST3100.00;Stability | Bending and buckling about principal axes acc. to EN 1993-1-1, 6.3.3
116;;;;;;;;;;;;;
117;Beam | 1 - IPE 500 | L : 1.650 m;;;;;;;;;;;;
117;0.000;;DS1;RC1;-69.64;0.03;-62.83;0.00;-27.78;0.01;0.330;ST3100.00;Stability | Bending and buckling about principal axes acc. to EN 1993-1-1, 6.3.3
117;1.650;;DS1;RC1;-65.15;-0.28;-63.67;-0.06;-123.04;0.20;0.328;ST3100.00;Stability | Bending and buckling about principal axes acc. to EN 1993-1-1, 6.3.3
117;;;;;;;;;;;;;
118;Beam | 1 - IPE 500 | L : 1.650 m;;;;;;;;;;;;
118;0.000;;DS1;RC1;-66.34;-0.43;-76.34;-0.10;-123.20;0.20;0.611;ST3100.00;Stability | Bending and buckling about principal axes acc. to EN 1993-1-1, 6.3.3
118;1.650;;DS1;RC1;-71.56;0.04;-79.20;0.01;-262.48;-0.09;0.614;ST3100.00;Stability | Bending and buckling about principal axes acc. to EN 1993-1-1, 6.3.3
118;;;;;;;;;;;;;
119;Beam | 4 - Z 232Z23 | L : 5.000 m;;;;;;;;;;;;
119;0.000;;DS1;CO13;-0.27;-0.15;1.37;0.00;0.00;0.00;Non-designable;ER2300.00;Error | Stability design is not possible acc. to EN 1993-1-3, 6.2.4(2)
119;5.000;;DS1;CO13;-0.27;0.15;-1.37;0.00;0.00;0.00;Non-designable;ER2300.00;Error | Stability design is not possible acc. to EN 1993-1-3, 6.2.4(2)
119;;;;;;;;;;;;;
120;Beam | 1 - IPE 500 | L : 0.150 m;;;;;;;;;;;;
120;0.000;;DS1;RC1;-58.64;-0.33;-5.41;-0.03;150.16;0.16;0.374;ST3100.00;Stability | Bending and buckling about principal axes acc. to EN 1993-1-1, 6.3.3
120;0.150;;DS1;RC1;-58.62;-0.33;-5.60;-0.03;149.33;0.24;0.374;ST3100.00;Stability | Bending and buckling about principal axes acc. to EN 1993-1-1, 6.3.3
120;;;;;;;;;;;;;
121;Beam | 4 - Z 232Z23 | L : 5.000 m;;;;;;;;;;;;
121;0.000;;DS1;CO13;-0.26;-0.15;1.37;0.00;0.00;0.00;Non-designable;ER2300.00;Error | Stability design is not possible acc. to EN 1993-1-3, 6.2.4(2)
121;5.000;;DS1;CO13;-0.26;0.15;-1.37;0.00;0.00;0.00;Non-designable;ER2300.00;Error | Stability design is not possible acc. to EN 1993-1-3, 6.2.4(2)
121;;;;;;;;;;;;;
122;Beam | 1 - IPE 500 | L : 1.650 m;;;;;;;;;;;;
122;0.000;;DS1;RC1;-59.40;0.25;-2.21;0.01;150.06;0.17;0.374;ST3100.00;Stability | Bending and buckling about principal axes acc. to EN 1993-1-1, 6.3.3
122;1.650;;DS1;RC1;-59.59;0.25;-4.36;0.04;144.64;-0.47;0.374;ST3100.00;Stability | Bending and buckling about principal axes acc. to EN 1993-1-1, 6.3.3
122;;;;;;;;;;;;;
123;Beam | 1 - IPE 500 | L : 1.650 m;;;;;;;;;;;;
123;0.000;;DS1;RC1;-57.51;-0.20;-2.25;-0.01;151.32;-0.09;0.372;ST3100.00;Stability | Bending and buckling about principal axes acc. to EN 1993-1-1, 6.3.3
123;1.650;;DS1;RC1;-59.56;0.22;-4.35;0.04;144.58;-0.47;0.373;ST3100.00;Stability | Bending and buckling about principal axes acc. to EN 1993-1-1, 6.3.3
123;;;;;;;;;;;;;
124;Beam | 4 - Z 232Z23 | L : 5.000 m;;;;;;;;;;;;
124;0.000;9;DS1;CO7;0.32;-0.72;6.35;0.00;0.00;0.00;0.102;SP6110.00;Section Proof | Elastic design acc. to EN 1993-1-3, 6.1.6
124;5.000;9;DS1;CO7;0.32;0.72;-6.35;0.00;0.00;0.00;0.102;SP6110.00;Section Proof | Elastic design acc. to EN 1993-1-3, 6.1.6
124;;;;;;;;;;;;;
125;Beam | 4 - Z 232Z23 | L : 5.000 m;;;;;;;;;;;;
125;0.000;;DS1;CO6;-0.23;-0.73;6.32;0.00;0.00;0.00;Non-designable;ER2300.00;Error | Stability design is not possible acc. to EN 1993-1-3, 6.2.4(2)
125;5.000;;DS1;CO6;-0.23;0.73;-6.32;0.00;0.00;0.00;Non-designable;ER2300.00;Error | Stability design is not possible acc. to EN 1993-1-3, 6.2.4(2)
125;;;;;;;;;;;;;
126;Beam | 4 - Z 232Z23 | L : 5.000 m;;;;;;;;;;;;
126;0.000;9;DS1;CO7;0.26;-0.71;6.35;0.00;0.00;0.00;0.101;SP6110.00;Section Proof | Elastic design acc. to EN 1993-1-3, 6.1.6
126;5.000;9;DS1;CO7;0.26;0.71;-6.35;0.00;0.00;0.00;0.101;SP6110.00;Section Proof | Elastic design acc. to EN 1993-1-3, 6.1.6
126;;;;;;;;;;;;;
127;Beam | 4 - Z 232Z23 | L : 5.000 m;;;;;;;;;;;;
127;0.000;9;DS1;CO7;0.28;-0.70;6.35;0.00;0.00;0.00;0.101;SP6110.00;Section Proof | Elastic design acc. to EN 1993-1-3, 6.1.6
127;5.000;9;DS1;CO7;0.28;0.70;-6.35;0.00;0.00;0.00;0.101;SP6110.00;Section Proof | Elastic design acc. to EN 1993-1-3, 6.1.6
127;;;;;;;;;;;;;
128;Beam | 4 - Z 232Z23 | L : 5.000 m;;;;;;;;;;;;
128;0.000;;DS1;CO13;-0.24;-0.24;2.16;0.00;0.00;0.00;Non-designable;ER2300.00;Error | Stability design is not possible acc. to EN 1993-1-3, 6.2.4(2)
128;5.000;;DS1;CO13;-0.24;0.24;-2.16;0.00;0.00;0.00;Non-designable;ER2300.00;Error | Stability design is not possible acc. to EN 1993-1-3, 6.2.4(2)
128;;;;;;;;;;;;;
129;Beam | 4 - Z 232Z23 | L : 5.000 m;;;;;;;;;;;;
129;0.000;9;DS1;CO5;0.02;-0.36;3.27;0.00;0.00;0.00;0.052;SP6110.00;Section Proof | Elastic design acc. to EN 1993-1-3, 6.1.6
129;5.000;9;DS1;CO5;0.02;0.36;-3.27;0.00;0.00;0.00;0.052;SP6110.00;Section Proof | Elastic design acc. to EN 1993-1-3, 6.1.6
129;;;;;;;;;;;;;
130;Beam | 4 - Z 232Z23 | L : 5.000 m;;;;;;;;;;;;
130;0.000;9;DS1;CO5;0.31;-0.72;6.35;0.00;0.00;0.00;0.102;SP6110.00;Section Proof | Elastic design acc. to EN 1993-1-3, 6.1.6
130;5.000;9;DS1;CO5;0.31;0.72;-6.35;0.00;0.00;0.00;0.102;SP6110.00;Section Proof | Elastic design acc. to EN 1993-1-3, 6.1.6
130;;;;;;;;;;;;;
131;Beam | 4 - Z 232Z23 | L : 5.000 m;;;;;;;;;;;;
131;0.000;;DS1;CO6;-0.22;-0.73;6.32;0.00;0.00;0.00;Non-designable;ER2300.00;Error | Stability design is not possible acc. to EN 1993-1-3, 6.2.4(2)
131;5.000;;DS1;CO6;-0.23;0.73;-6.32;0.00;0.00;0.00;Non-designable;ER2300.00;Error | Stability design is not possible acc. to EN 1993-1-3, 6.2.4(2)
131;;;;;;;;;;;;;
132;Beam | 4 - Z 232Z23 | L : 5.000 m;;;;;;;;;;;;
132;0.000;9;DS1;CO5;0.27;-0.71;6.35;0.00;0.00;0.00;0.101;SP6110.00;Section Proof | Elastic design acc. to EN 1993-1-3, 6.1.6
132;5.000;9;DS1;CO5;0.26;0.71;-6.35;0.00;0.00;0.00;0.101;SP6110.00;Section Proof | Elastic design acc. to EN 1993-1-3, 6.1.6
132;;;;;;;;;;;;;
133;Beam | 4 - Z 232Z23 | L : 5.000 m;;;;;;;;;;;;
133;0.000;9;DS1;CO5;0.28;-0.70;6.35;0.00;0.00;0.00;0.101;SP6110.00;Section Proof | Elastic design acc. to EN 1993-1-3, 6.1.6
133;5.000;9;DS1;CO5;0.28;0.70;-6.35;0.00;0.00;0.00;0.101;SP6110.00;Section Proof | Elastic design acc. to EN 1993-1-3, 6.1.6
133;;;;;;;;;;;;;
134;Beam | 4 - Z 232Z23 | L : 5.000 m;;;;;;;;;;;;
134;0.000;9;DS1;CO5;0.22;-0.45;4.03;0.00;0.00;0.00;0.064;SP6110.00;Section Proof | Elastic design acc. to EN 1993-1-3, 6.1.6
134;5.000;9;DS1;CO5;0.22;0.45;-4.03;0.00;0.00;0.00;0.064;SP6110.00;Section Proof | Elastic design acc. to EN 1993-1-3, 6.1.6
134;;;;;;;;;;;;;
135;Beam | 4 - Z 232Z23 | L : 5.000 m;;;;;;;;;;;;
135;0.000;9;DS1;CO7;0.21;-0.45;4.03;0.00;0.00;0.00;0.064;SP6110.00;Section Proof | Elastic design acc. to EN 1993-1-3, 6.1.6
135;5.000;9;DS1;CO7;0.21;0.45;-4.03;0.00;0.00;0.00;0.064;SP6110.00;Section Proof | Elastic design acc. to EN 1993-1-3, 6.1.6
135;;;;;;;;;;;;;
136;Beam | 1 - IPE 500 | L : 1.650 m;;;;;;;;;;;;
136;0.000;;DS1;RC1;-75.69;-0.30;63.29;-0.07;-118.22;-0.19;0.337;ST3100.00;Stability | Bending and buckling about principal axes acc. to EN 1993-1-1, 6.3.3
136;1.650;;DS1;RC1;-75.43;-0.45;61.36;-0.11;-15.34;0.26;0.336;ST3100.00;Stability | Bending and buckling about principal axes acc. to EN 1993-1-1, 6.3.3
136;;;;;;;;;;;;;
137;Beam | 1 - IPE 500 | L : 1.650 m;;;;;;;;;;;;
137;0.000;;DS1;RC1;-74.25;-0.30;48.69;-0.08;-15.81;0.26;0.207;ST3100.00;Stability | Bending and buckling about principal axes acc. to EN 1993-1-1, 6.3.3
137;1.650;;DS1;RC1;-74.08;-0.38;46.65;-0.09;62.89;0.87;0.207;ST3100.00;Stability | Bending and buckling about principal axes acc. to EN 1993-1-1, 6.3.3
137;;;;;;;;;;;;;
138;Beam | 1 - IPE 500 | L : 0.075 m;;;;;;;;;;;;
138;0.000;;DS1;RC1;-72.89;0.06;33.99;0.03;62.42;0.87;0.209;ST3100.00;Stability | Bending and buckling about principal axes acc. to EN 1993-1-1, 6.3.3
138;0.075;;DS1;RC1;-72.88;0.07;33.89;0.03;64.96;0.86;0.209;ST3100.00;Stability | Bending and buckling about principal axes acc. to EN 1993-1-1, 6.3.3
138;;;;;;;;;;;;;
139;Beam | 1 - IPE 500 | L : 1.650 m;;;;;;;;;;;;
139;0.000;;DS1;RC1;-76.42;0.13;18.07;0.05;114.52;0.85;0.390;ST3100.00;Stability | Bending and buckling about principal axes acc. to EN 1993-1-1, 6.3.3
139;1.650;;DS1;RC1;-76.26;0.16;15.90;0.03;142.55;0.45;0.390;ST3100.00;Stability | Bending and buckling about principal axes acc. to EN 1993-1-1, 6.3.3
139;;;;;;;;;;;;;
140;Beam | 1 - IPE 500 | L : 1.650 m;;;;;;;;;;;;
140;0.000;;DS1;RC1;-75.03;0.29;3.23;0.05;142.08;0.45;0.407;ST3100.00;Stability | Bending and buckling about principal axes acc. to EN 1993-1-1, 6.3.3
140;1.650;;DS1;RC1;-74.84;0.28;1.05;0.01;145.61;-0.26;0.407;ST3100.00;Stability | Bending and buckling about principal axes acc. to EN 1993-1-1, 6.3.3
140;;;;;;;;;;;;;
141;Beam | 1 - IPE 500 | L : 0.150 m;;;;;;;;;;;;
141;0.000;;DS1;RC1;-74.07;0.41;-6.62;0.04;145.33;-0.26;0.406;ST3100.00;Stability | Bending and buckling about principal axes acc. to EN 1993-1-1, 6.3.3
141;0.150;;DS1;RC1;-74.05;0.40;-6.82;0.04;144.32;-0.35;0.406;ST3100.00;Stability | Bending and buckling about principal axes acc. to EN 1993-1-1, 6.3.3
141;;;;;;;;;;;;;
142;Beam | 1 - IPE 500 | L : 1.650 m;;;;;;;;;;;;
142;0.000;;DS1;RC1;-74.84;-0.29;-1.03;-0.01;145.23;-0.27;0.406;ST3100.00;Stability | Bending and buckling about principal axes acc. to EN 1993-1-1, 6.3.3
142;1.650;;DS1;RC1;-75.03;-0.29;-3.21;-0.04;141.73;0.44;0.406;ST3100.00;Stability | Bending and buckling about principal axes acc. to EN 1993-1-1, 6.3.3
142;;;;;;;;;;;;;
143;Beam | 1 - IPE 500 | L : 1.650 m;;;;;;;;;;;;
143;0.000;;DS1;RC1;-76.26;-0.17;-15.88;-0.03;141.56;0.43;0.387;ST3100.00;Stability | Bending and buckling about principal axes acc. to EN 1993-1-1, 6.3.3
143;1.650;;DS1;RC1;-76.42;-0.14;-18.05;-0.05;113.56;0.84;0.388;ST3100.00;Stability | Bending and buckling about principal axes acc. to EN 1993-1-1, 6.3.3
143;;;;;;;;;;;;;
144;Beam | 1 - IPE 500 | L : 1.575 m;;;;;;;;;;;;
144;0.000;;DS1;RC1;-77.63;0.01;-30.71;-0.02;113.39;0.84;0.321;ST3100.00;Stability | Bending and buckling about principal axes acc. to EN 1993-1-1, 6.3.3
144;1.575;;DS1;RC1;-77.76;0.05;-32.74;-0.03;63.40;0.85;0.321;ST3100.00;Stability | Bending and buckling about principal axes acc. to EN 1993-1-1, 6.3.3
144;;;;;;;;;;;;;
145;Beam | 1 - IPE 500 | L : 1.650 m;;;;;;;;;;;;
145;0.000;;DS1;RC1;-74.11;0.37;-46.63;0.09;60.69;0.84;0.203;ST3100.00;Stability | Bending and buckling about principal axes acc. to EN 1993-1-1, 6.3.3
145;1.650;;DS1;RC1;-74.28;0.29;-48.67;0.08;-17.96;0.25;0.203;ST3100.00;Stability | Bending and buckling about principal axes acc. to EN 1993-1-1, 6.3.3
145;;;;;;;;;;;;;
146;Beam | 1 - IPE 500 | L : 1.650 m;;;;;;;;;;;;
146;0.000;;DS1;RC1;-75.47;0.44;-61.34;0.10;-18.13;0.24;0.339;ST3100.00;Stability | Bending and buckling about principal axes acc. to EN 1993-1-1, 6.3.3
146;1.650;;DS1;RC1;-75.73;0.30;-63.27;0.07;-120.97;-0.19;0.339;ST3100.00;Stability | Bending and buckling about principal axes acc. to EN 1993-1-1, 6.3.3
146;;;;;;;;;;;;;
147;Beam | 1 - IPE 500 | L : 1.650 m;;;;;;;;;;;;
147;0.000;;DS1;RC1;-76.93;0.43;-75.93;0.10;-121.14;-0.20;0.624;ST3100.00;Stability | Bending and buckling about principal axes acc. to EN 1993-1-1, 6.3.3
147;1.650;;DS1;RC1;-77.35;0.18;-77.71;0.04;-247.95;-0.10;0.624;ST3100.00;Stability | Bending and buckling about principal axes acc. to EN 1993-1-1, 6.3.3
147;;;;;;;;;;;;;
148;Beam | 4 - Z 232Z23 | L : 5.000 m;;;;;;;;;;;;
148;0.000;;DS1;CO11;-0.35;-0.24;2.16;0.00;0.00;0.00;Non-designable;ER2300.00;Error | Stability design is not possible acc. to EN 1993-1-3, 6.2.4(2)
148;5.000;;DS1;CO11;-0.35;0.24;-2.16;0.00;0.00;0.00;Non-designable;ER2300.00;Error | Stability design is not possible acc. to EN 1993-1-3, 6.2.4(2)
148;;;;;;;;;;;;;
149;Beam | 4 - Z 232Z23 | L : 5.000 m;;;;;;;;;;;;
149;0.000;9;DS1;CO7;0.02;-0.36;3.27;0.00;0.00;0.00;0.052;SP6110.00;Section Proof | Elastic design acc. to EN 1993-1-3, 6.1.6
149;5.000;9;DS1;CO7;0.02;0.36;-3.27;0.00;0.00;0.00;0.052;SP6110.00;Section Proof | Elastic design acc. to EN 1993-1-3, 6.1.6
149;;;;;;;;;;;;;
150;Beam | 4 - Z 232Z23 | L : 5.000 m;;;;;;;;;;;;
150;0.000;9;DS1;CO7;0.31;-0.72;6.35;0.00;0.00;0.00;0.102;SP6110.00;Section Proof | Elastic design acc. to EN 1993-1-3, 6.1.6
150;5.000;9;DS1;CO7;0.31;0.72;-6.35;0.00;0.00;0.00;0.102;SP6110.00;Section Proof | Elastic design acc. to EN 1993-1-3, 6.1.6
150;;;;;;;;;;;;;
151;Beam | 4 - Z 232Z23 | L : 5.000 m;;;;;;;;;;;;
151;0.000;;DS1;CO6;-0.57;-0.74;6.33;0.00;0.00;0.00;Non-designable;ER2300.00;Error | Stability design is not possible acc. to EN 1993-1-3, 6.2.4(2)
151;5.000;;DS1;CO6;-0.57;0.74;-6.33;0.00;0.00;0.00;Non-designable;ER2300.00;Error | Stability design is not possible acc. to EN 1993-1-3, 6.2.4(2)
151;;;;;;;;;;;;;
152;Beam | 4 - Z 232Z23 | L : 5.000 m;;;;;;;;;;;;
152;0.000;9;DS1;CO7;0.25;-0.71;6.35;0.00;0.00;0.00;0.101;SP6110.00;Section Proof | Elastic design acc. to EN 1993-1-3, 6.1.6
152;5.000;9;DS1;CO7;0.25;0.71;-6.35;0.00;0.00;0.00;0.101;SP6110.00;Section Proof | Elastic design acc. to EN 1993-1-3, 6.1.6
152;;;;;;;;;;;;;
153;Beam | 4 - Z 232Z23 | L : 5.000 m;;;;;;;;;;;;
153;0.000;9;DS1;CO7;0.27;-0.70;6.35;0.00;0.00;0.00;0.101;SP6110.00;Section Proof | Elastic design acc. to EN 1993-1-3, 6.1.6
153;5.000;9;DS1;CO7;0.27;0.70;-6.35;0.00;0.00;0.00;0.101;SP6110.00;Section Proof | Elastic design acc. to EN 1993-1-3, 6.1.6
153;;;;;;;;;;;;;
154;Beam | 4 - Z 232Z23 | L : 5.000 m;;;;;;;;;;;;
154;0.000;;DS1;CO11;-0.36;-0.24;2.16;0.00;0.00;0.00;Non-designable;ER2300.00;Error | Stability design is not possible acc. to EN 1993-1-3, 6.2.4(2)
154;5.000;;DS1;CO11;-0.36;0.24;-2.16;0.00;0.00;0.00;Non-designable;ER2300.00;Error | Stability design is not possible acc. to EN 1993-1-3, 6.2.4(2)
154;;;;;;;;;;;;;
155;Beam | 4 - Z 232Z23 | L : 5.000 m;;;;;;;;;;;;
155;0.000;9;DS1;CO5;0.02;-0.36;3.27;0.00;0.00;0.00;0.052;SP6110.00;Section Proof | Elastic design acc. to EN 1993-1-3, 6.1.6
155;5.000;9;DS1;CO5;0.02;0.36;-3.27;0.00;0.00;0.00;0.052;SP6110.00;Section Proof | Elastic design acc. to EN 1993-1-3, 6.1.6
155;;;;;;;;;;;;;
156;Beam | 4 - Z 232Z23 | L : 5.000 m;;;;;;;;;;;;
156;0.000;9;DS1;CO5;0.31;-0.72;6.35;0.00;0.00;0.00;0.102;SP6110.00;Section Proof | Elastic design acc. to EN 1993-1-3, 6.1.6
156;5.000;9;DS1;CO5;0.31;0.72;-6.35;0.00;0.00;0.00;0.102;SP6110.00;Section Proof | Elastic design acc. to EN 1993-1-3, 6.1.6
156;;;;;;;;;;;;;
157;Beam | 4 - Z 232Z23 | L : 5.000 m;;;;;;;;;;;;
157;0.000;;DS1;CO6;-0.56;-0.74;6.33;0.00;0.00;0.00;Non-designable;ER2300.00;Error | Stability design is not possible acc. to EN 1993-1-3, 6.2.4(2)
157;5.000;;DS1;CO6;-0.56;0.74;-6.33;0.00;0.00;0.00;Non-designable;ER2300.00;Error | Stability design is not possible acc. to EN 1993-1-3, 6.2.4(2)
157;;;;;;;;;;;;;
158;Beam | 4 - Z 232Z23 | L : 5.000 m;;;;;;;;;;;;
158;0.000;9;DS1;CO5;0.26;-0.71;6.35;0.00;0.00;0.00;0.101;SP6110.00;Section Proof | Elastic design acc. to EN 1993-1-3, 6.1.6
158;5.000;9;DS1;CO5;0.26;0.71;-6.35;0.00;0.00;0.00;0.101;SP6110.00;Section Proof | Elastic design acc. to EN 1993-1-3, 6.1.6
158;;;;;;;;;;;;;
159;Beam | 4 - Z 232Z23 | L : 5.000 m;;;;;;;;;;;;
159;0.000;9;DS1;CO5;0.27;-0.70;6.35;0.00;0.00;0.00;0.101;SP6110.00;Section Proof | Elastic design acc. to EN 1993-1-3, 6.1.6
159;5.000;9;DS1;CO5;0.27;0.70;-6.35;0.00;0.00;0.00;0.101;SP6110.00;Section Proof | Elastic design acc. to EN 1993-1-3, 6.1.6
159;;;;;;;;;;;;;
160;Beam | 4 - Z 232Z23 | L : 5.000 m;;;;;;;;;;;;
160;0.000;9;DS1;CO5;0.20;-0.45;4.03;0.00;0.00;0.00;0.064;SP6110.00;Section Proof | Elastic design acc. to EN 1993-1-3, 6.1.6
160;5.000;9;DS1;CO5;0.20;0.45;-4.03;0.00;0.00;0.00;0.064;SP6110.00;Section Proof | Elastic design acc. to EN 1993-1-3, 6.1.6
160;;;;;;;;;;;;;
161;Beam | 4 - Z 232Z23 | L : 5.000 m;;;;;;;;;;;;
161;0.000;9;DS1;CO7;0.20;-0.45;4.03;0.00;0.00;0.00;0.064;SP6110.00;Section Proof | Elastic design acc. to EN 1993-1-3, 6.1.6
161;5.000;9;DS1;CO7;0.20;0.45;-4.03;0.00;0.00;0.00;0.064;SP6110.00;Section Proof | Elastic design acc. to EN 1993-1-3, 6.1.6
161;;;;;;;;;;;;;
162;Beam | 1 - IPE 500 | L : 1.650 m;;;;;;;;;;;;
162;0.000;;DS1;RC1;-73.82;0.30;63.53;0.07;-118.77;0.19;0.335;ST3100.00;Stability | Bending and buckling about principal axes acc. to EN 1993-1-1, 6.3.3
162;1.650;;DS1;RC1;-73.56;0.44;61.60;0.11;-15.51;-0.25;0.335;ST3100.00;Stability | Bending and buckling about principal axes acc. to EN 1993-1-1, 6.3.3
162;;;;;;;;;;;;;
163;Beam | 1 - IPE 500 | L : 1.650 m;;;;;;;;;;;;
163;0.000;;DS1;RC1;-72.38;0.31;48.93;0.08;-15.97;-0.24;0.207;ST3100.00;Stability | Bending and buckling about principal axes acc. to EN 1993-1-1, 6.3.3
163;1.650;;DS1;RC1;-72.21;0.38;46.89;0.10;63.10;-0.87;0.207;ST3100.00;Stability | Bending and buckling about principal axes acc. to EN 1993-1-1, 6.3.3
163;;;;;;;;;;;;;
164;Beam | 1 - IPE 500 | L : 0.075 m;;;;;;;;;;;;
164;0.000;;DS1;RC1;-71.02;-0.07;34.22;-0.03;62.64;-0.86;0.208;ST3100.00;Stability | Bending and buckling about principal axes acc. to EN 1993-1-1, 6.3.3
164;0.075;;DS1;RC1;-71.01;-0.07;34.12;-0.03;65.20;-0.86;0.208;ST3100.00;Stability | Bending and buckling about principal axes acc. to EN 1993-1-1, 6.3.3
164;;;;;;;;;;;;;
165;Beam | 1 - IPE 500 | L : 1.650 m;;;;;;;;;;;;
165;0.000;;DS1;RC1;-74.55;-0.13;18.27;-0.05;115.08;-0.83;0.389;ST3100.00;Stability | Bending and buckling about principal axes acc. to EN 1993-1-1, 6.3.3
165;1.650;;DS1;RC1;-74.39;-0.16;16.10;-0.03;143.45;-0.44;0.389;ST3100.00;Stability | Bending and buckling about principal axes acc. to EN 1993-1-1, 6.3.3
165;;;;;;;;;;;;;
166;Beam | 1 - IPE 500 | L : 1.650 m;;;;;;;;;;;;
166;0.000;;DS1;RC1;-73.16;-0.27;3.44;-0.05;142.99;-0.43;0.403;ST3100.00;Stability | Bending and buckling about principal axes acc. to EN 1993-1-1, 6.3.3
166;1.650;;DS1;RC1;-72.96;-0.27;1.26;-0.01;146.86;0.24;0.403;ST3100.00;Stability | Bending and buckling about principal axes acc. to EN 1993-1-1, 6.3.3
166;;;;;;;;;;;;;
167;Beam | 1 - IPE 500 | L : 0.150 m;;;;;;;;;;;;
167;0.000;;DS1;RC1;-72.20;-0.38;-6.41;-0.04;146.58;0.24;0.403;ST3100.00;Stability | Bending and buckling about principal axes acc. to EN 1993-1-1, 6.3.3
167;0.150;;DS1;RC1;-72.18;-0.38;-6.61;-0.03;145.60;0.33;0.403;ST3100.00;Stability | Bending and buckling about principal axes acc. to EN 1993-1-1, 6.3.3
167;;;;;;;;;;;;;
168;Beam | 1 - IPE 500 | L : 1.650 m;;;;;;;;;;;;
168;0.000;;DS1;RC1;-72.96;0.27;-1.24;0.01;146.48;0.25;0.403;ST3100.00;Stability | Bending and buckling about principal axes acc. to EN 1993-1-1, 6.3.3
168;1.650;;DS1;RC1;-73.16;0.27;-3.42;0.04;142.63;-0.42;0.403;ST3100.00;Stability | Bending and buckling about principal axes acc. to EN 1993-1-1, 6.3.3
168;;;;;;;;;;;;;
169;Beam | 1 - IPE 500 | L : 1.650 m;;;;;;;;;;;;
169;0.000;;DS1;RC1;-74.39;0.16;-16.09;0.03;142.46;-0.42;0.387;ST3100.00;Stability | Bending and buckling about principal axes acc. to EN 1993-1-1, 6.3.3
169;1.650;;DS1;RC1;-74.55;0.13;-18.25;0.04;114.12;-0.82;0.387;ST3100.00;Stability | Bending and buckling about principal axes acc. to EN 1993-1-1, 6.3.3
169;;;;;;;;;;;;;
170;Beam | 1 - IPE 500 | L : 1.575 m;;;;;;;;;;;;
170;0.000;;DS1;RC1;-75.75;0.00;-30.92;0.03;113.95;-0.81;0.320;ST3100.00;Stability | Bending and buckling about principal axes acc. to EN 1993-1-1, 6.3.3
170;1.575;;DS1;RC1;-75.89;-0.04;-32.95;0.03;63.64;-0.84;0.321;ST3100.00;Stability | Bending and buckling about principal axes acc. to EN 1993-1-1, 6.3.3
170;;;;;;;;;;;;;
171;Beam | 1 - IPE 500 | L : 1.650 m;;;;;;;;;;;;
171;0.000;;DS1;RC1;-72.25;-0.37;-46.87;-0.09;60.91;-0.83;0.203;ST3100.00;Stability | Bending and buckling about principal axes acc. to EN 1993-1-1, 6.3.3
171;1.650;;DS1;RC1;-72.42;-0.30;-48.90;-0.08;-18.13;-0.23;0.203;ST3100.00;Stability | Bending and buckling about principal axes acc. to EN 1993-1-1, 6.3.3
171;;;;;;;;;;;;;
172;Beam | 1 - IPE 500 | L : 1.650 m;;;;;;;;;;;;
172;0.000;;DS1;RC1;-73.60;-0.43;-61.57;-0.10;-18.30;-0.23;0.337;ST3100.00;Stability | Bending and buckling about principal axes acc. to EN 1993-1-1, 6.3.3
172;1.650;;DS1;RC1;-73.86;-0.29;-63.50;-0.07;-121.52;0.19;0.337;ST3100.00;Stability | Bending and buckling about principal axes acc. to EN 1993-1-1, 6.3.3
172;;;;;;;;;;;;;
173;Beam | 1 - IPE 500 | L : 1.650 m;;;;;;;;;;;;
173;0.000;;DS1;RC1;-75.06;-0.39;-76.17;-0.09;-121.69;0.20;0.623;ST3100.00;Stability | Bending and buckling about principal axes acc. to EN 1993-1-1, 6.3.3
173;1.650;;DS1;RC1;-75.49;-0.16;-77.95;-0.03;-248.89;0.10;0.623;ST3100.00;Stability | Bending and buckling about principal axes acc. to EN 1993-1-1, 6.3.3
173;;;;;;;;;;;;;
174;Beam | 4 - Z 232Z23 | L : 5.000 m;;;;;;;;;;;;
174;0.000;;DS1;CO11;-0.43;-0.24;2.16;0.00;0.00;0.00;Non-designable;ER2300.00;Error | Stability design is not possible acc. to EN 1993-1-3, 6.2.4(2)
174;5.000;;DS1;CO11;-0.43;0.24;-2.16;0.00;0.00;0.00;Non-designable;ER2300.00;Error | Stability design is not possible acc. to EN 1993-1-3, 6.2.4(2)
174;;;;;;;;;;;;;
175;Beam | 4 - Z 232Z23 | L : 5.000 m;;;;;;;;;;;;
175;0.000;9;DS1;CO6;0.02;-0.36;3.27;0.00;0.00;0.00;0.052;SP6110.00;Section Proof | Elastic design acc. to EN 1993-1-3, 6.1.6
175;5.000;9;DS1;CO7;0.02;0.36;-3.27;0.00;0.00;0.00;0.052;SP6110.00;Section Proof | Elastic design acc. to EN 1993-1-3, 6.1.6
175;;;;;;;;;;;;;
176;Beam | 4 - Z 232Z23 | L : 5.000 m;;;;;;;;;;;;
176;0.000;;DS1;CO11;-0.28;-0.23;2.16;0.00;0.00;0.00;Non-designable;ER2300.00;Error | Stability design is not possible acc. to EN 1993-1-3, 6.2.4(2)
176;5.000;;DS1;CO11;-0.29;0.24;-2.16;0.00;0.00;0.00;Non-designable;ER2300.00;Error | Stability design is not possible acc. to EN 1993-1-3, 6.2.4(2)
176;;;;;;;;;;;;;
177;Beam | 4 - Z 232Z23 | L : 5.000 m;;;;;;;;;;;;
177;0.000;;DS1;CO6;-0.88;-0.70;6.33;0.00;0.00;0.00;Non-designable;ER2300.00;Error | Stability design is not possible acc. to EN 1993-1-3, 6.2.4(2)
177;5.000;;DS1;CO6;-0.95;0.75;-6.33;0.00;0.00;0.00;Non-designable;ER2300.00;Error | Stability design is not possible acc. to EN 1993-1-3, 6.2.4(2)
177;;;;;;;;;;;;;
178;Beam | 4 - Z 232Z23 | L : 5.000 m;;;;;;;;;;;;
178;0.000;;DS1;CO11;-0.22;-0.24;2.16;0.00;0.00;0.00;Non-designable;ER2300.00;Error | Stability design is not possible acc. to EN 1993-1-3, 6.2.4(2)
178;5.000;;DS1;CO11;-0.23;0.24;-2.16;0.00;0.00;0.00;Non-designable;ER2300.00;Error | Stability design is not possible acc. to EN 1993-1-3, 6.2.4(2)
178;;;;;;;;;;;;;
179;Beam | 4 - Z 232Z23 | L : 5.000 m;;;;;;;;;;;;
179;0.000;9;DS1;CO7;0.32;-0.67;6.35;0.00;0.00;0.00;0.101;SP6110.00;Section Proof | Elastic design acc. to EN 1993-1-3, 6.1.6
179;5.000;9;DS1;CO7;0.21;0.70;-6.35;0.00;0.00;0.00;0.101;SP6110.00;Section Proof | Elastic design acc. to EN 1993-1-3, 6.1.6
179;;;;;;;;;;;;;
180;Beam | 4 - Z 232Z23 | L : 5.000 m;;;;;;;;;;;;
180;0.000;;DS1;CO6;-0.21;-0.72;6.32;0.00;0.00;0.00;Non-designable;ER2300.00;Error | Stability design is not possible acc. to EN 1993-1-3, 6.2.4(2)
180;5.000;;DS1;CO11;-0.46;0.24;-2.16;0.00;0.00;0.00;Non-designable;ER2300.00;Error | Stability design is not possible acc. to EN 1993-1-3, 6.2.4(2)
180;;;;;;;;;;;;;
181;Beam | 4 - Z 232Z23 | L : 5.000 m;;;;;;;;;;;;
181;0.000;9;DS1;CO5;0.02;-0.36;3.27;0.00;0.00;0.00;0.052;SP6110.00;Section Proof | Elastic design acc. to EN 1993-1-3, 6.1.6
181;5.000;9;DS1;CO6;0.02;0.36;-3.27;0.00;0.00;0.00;0.052;SP6110.00;Section Proof | Elastic design acc. to EN 1993-1-3, 6.1.6
181;;;;;;;;;;;;;
182;Beam | 4 - Z 232Z23 | L : 5.000 m;;;;;;;;;;;;
182;0.000;;DS1;CO11;-0.28;-0.24;2.16;0.00;0.00;0.00;Non-designable;ER2300.00;Error | Stability design is not possible acc. to EN 1993-1-3, 6.2.4(2)
182;5.000;;DS1;CO11;-0.27;0.23;-2.16;0.00;0.00;0.00;Non-designable;ER2300.00;Error | Stability design is not possible acc. to EN 1993-1-3, 6.2.4(2)
182;;;;;;;;;;;;;
183;Beam | 4 - Z 232Z23 | L : 5.000 m;;;;;;;;;;;;
183;0.000;;DS1;CO6;-0.93;-0.75;6.33;0.00;0.00;0.00;Non-designable;ER2300.00;Error | Stability design is not possible acc. to EN 1993-1-3, 6.2.4(2)
183;5.000;;DS1;CO6;-0.86;0.70;-6.33;0.00;0.00;0.00;Non-designable;ER2300.00;Error | Stability design is not possible acc. to EN 1993-1-3, 6.2.4(2)
183;;;;;;;;;;;;;
184;Beam | 4 - Z 232Z23 | L : 5.000 m;;;;;;;;;;;;
184;0.000;;DS1;CO11;-0.23;-0.24;2.16;0.00;0.00;0.00;Non-designable;ER2300.00;Error | Stability design is not possible acc. to EN 1993-1-3, 6.2.4(2)
184;5.000;;DS1;CO11;-0.22;0.24;-2.16;0.00;0.00;0.00;Non-designable;ER2300.00;Error | Stability design is not possible acc. to EN 1993-1-3, 6.2.4(2)
184;;;;;;;;;;;;;
185;Beam | 4 - Z 232Z23 | L : 5.000 m;;;;;;;;;;;;
185;0.000;9;DS1;CO5;0.21;-0.70;6.35;0.00;0.00;0.00;0.101;SP6110.00;Section Proof | Elastic design acc. to EN 1993-1-3, 6.1.6
185;5.000;9;DS1;CO5;0.31;0.67;-6.35;0.00;0.00;0.00;0.101;SP6110.00;Section Proof | Elastic design acc. to EN 1993-1-3, 6.1.6
185;;;;;;;;;;;;;
186;Beam | 4 - Z 232Z23 | L : 5.000 m;;;;;;;;;;;;
186;0.000;;DS1;CO11;-0.29;-0.15;1.37;0.00;0.00;0.00;Non-designable;ER2300.00;Error | Stability design is not possible acc. to EN 1993-1-3, 6.2.4(2)
186;5.000;;DS1;CO11;-0.30;0.15;-1.37;0.00;0.00;0.00;Non-designable;ER2300.00;Error | Stability design is not possible acc. to EN 1993-1-3, 6.2.4(2)
186;;;;;;;;;;;;;
187;Beam | 4 - Z 232Z23 | L : 5.000 m;;;;;;;;;;;;
187;0.000;;DS1;CO11;-0.29;-0.15;1.37;0.00;0.00;0.00;Non-designable;ER2300.00;Error | Stability design is not possible acc. to EN 1993-1-3, 6.2.4(2)
187;5.000;;DS1;CO11;-0.27;0.15;-1.37;0.00;0.00;0.00;Non-designable;ER2300.00;Error | Stability design is not possible acc. to EN 1993-1-3, 6.2.4(2)
187;;;;;;;;;;;;;
188;Beam | 3 - HEA 140 | L : 1.650 m;;;;;;;;;;;;
188;0.000;8;DS1;CO17;-4.86;-0.84;0.30;-0.02;3.18;2.20;0.262;SP6100.00;Section Proof | Axial and shear stress acc. to EN 1993-1-1, 6.2.1(5) | Elastic design
188;1.650;21;DS1;CO16;5.27;-1.49;-0.97;0.03;3.46;-1.05;0.184;SP6100.00;Section Proof | Axial and shear stress acc. to EN 1993-1-1, 6.2.1(5) | Elastic design
188;;;;;;;;;;;;;
189;Beam | 3 - HEA 140 | L : 1.650 m;;;;;;;;;;;;
189;0.000;21;DS1;CO16;5.70;-1.16;-5.21;0.08;3.38;-1.06;0.191;SP6100.00;Section Proof | Axial and shear stress acc. to EN 1993-1-1, 6.2.1(5) | Elastic design
189;1.650;14;DS1;CO17;-4.32;2.70;-5.16;-0.09;-5.03;-2.80;0.365;SP6100.00;Section Proof | Axial and shear stress acc. to EN 1993-1-1, 6.2.1(5) | Elastic design
189;;;;;;;;;;;;;
190;Beam | 3 - HEA 140 | L : 0.075 m;;;;;;;;;;;;
190;0.000;14;DS1;CO17;-3.90;0.47;-9.43;-0.49;-5.11;-2.80;0.527;SP6100.00;Section Proof | Axial and shear stress acc. to EN 1993-1-1, 6.2.1(5) | Elastic design
190;0.075;14;DS1;CO17;-3.90;0.53;-9.45;-0.49;-5.80;-2.87;0.544;SP6100.00;Section Proof | Axial and shear stress acc. to EN 1993-1-1, 6.2.1(5) | Elastic design
190;;;;;;;;;;;;;
191;Beam | 3 - HEA 140 | L : 1.650 m;;;;;;;;;;;;
191;0.000;;DS1;CO7;-3.73;-1.00;1.01;0.00;2.95;0.28;0.072;SP4100.03;Section Proof | Bending about y-axis acc. to EN 1993-1-1, 6.2.5 | Plastic design
191;1.650;;DS1;CO3;-1.46;0.00;0.54;0.00;4.23;0.00;0.104;SP4100.03;Section Proof | Bending about y-axis acc. to EN 1993-1-1, 6.2.5 | Plastic design
191;;;;;;;;;;;;;
192;Beam | 3 - HEA 140 | L : 1.650 m;;;;;;;;;;;;
192;0.000;8;DS1;CO7;-3.03;0.38;-5.92;-0.03;4.02;0.56;0.158;SP6100.00;Section Proof | Axial and shear stress acc. to EN 1993-1-1, 6.2.1(5) | Elastic design
192;1.650;1;DS1;CO16;5.10;-2.00;-4.34;0.02;-3.91;2.10;0.275;SP6100.00;Section Proof | Axial and shear stress acc. to EN 1993-1-1, 6.2.1(5) | Elastic design
192;;;;;;;;;;;;;
193;Beam | 3 - HEA 140 | L : 0.150 m;;;;;;;;;;;;
193;0.000;1;DS1;CO16;5.36;-1.72;-6.94;0.08;-3.96;2.10;0.282;SP6100.00;Section Proof | Axial and shear stress acc. to EN 1993-1-1, 6.2.1(5) | Elastic design
193;0.150;1;DS1;CO16;5.36;-1.74;-6.99;0.07;-5.00;2.37;0.330;SP6100.00;Section Proof | Axial and shear stress acc. to EN 1993-1-1, 6.2.1(5) | Elastic design
193;;;;;;;;;;;;;
194;Beam | 3 - HEA 140 | L : 1.650 m;;;;;;;;;;;;
194;0.000;1;DS1;CO16;5.78;2.03;4.47;-0.02;-4.15;2.18;0.289;SP6100.00;Section Proof | Axial and shear stress acc. to EN 1993-1-1, 6.2.1(5) | Elastic design
194;1.650;8;DS1;CO15;-4.33;-0.68;4.19;0.04;2.93;0.94;0.162;SP6100.00;Section Proof | Axial and shear stress acc. to EN 1993-1-1, 6.2.1(5) | Elastic design
194;;;;;;;;;;;;;
195;Beam | 3 - HEA 140 | L : 1.650 m;;;;;;;;;;;;
195;0.000;;DS1;CO7;-0.29;-0.48;-0.42;0.00;4.26;0.22;0.104;SP4100.03;Section Proof | Bending about y-axis acc. to EN 1993-1-1, 6.2.5 | Plastic design
195;1.650;;DS1;CO5;-3.57;0.99;-0.88;0.00;3.21;0.29;0.079;SP4100.03;Section Proof | Bending about y-axis acc. to EN 1993-1-1, 6.2.5 | Plastic design
195;;;;;;;;;;;;;
196;Beam | 3 - HEA 140 | L : 1.575 m;;;;;;;;;;;;
196;0.000;9;DS1;CO5;-4.19;0.78;-7.24;-0.03;3.33;0.29;0.125;SP6100.00;Section Proof | Axial and shear stress acc. to EN 1993-1-1, 6.2.1(5) | Elastic design
196;1.575;14;DS1;CO15;-5.29;2.46;-5.50;-0.05;-5.85;-2.81;0.385;SP6100.00;Section Proof | Axial and shear stress acc. to EN 1993-1-1, 6.2.1(5) | Elastic design
196;;;;;;;;;;;;;
197;Beam | 3 - HEA 140 | L : 1.650 m;;;;;;;;;;;;
197;0.000;14;DS1;CO15;-4.27;-2.73;5.33;0.09;-5.56;-2.88;0.385;SP6100.00;Section Proof | Axial and shear stress acc. to EN 1993-1-1, 6.2.1(5) | Elastic design
197;1.650;21;DS1;CO16;5.81;1.18;5.39;-0.08;3.18;-1.03;0.184;SP6100.00;Section Proof | Axial and shear stress acc. to EN 1993-1-1, 6.2.1(5) | Elastic design
197;;;;;;;;;;;;;
198;Beam | 3 - HEA 140 | L : 1.650 m;;;;;;;;;;;;
198;0.000;21;DS1;CO16;5.38;1.51;1.15;-0.03;3.26;-1.03;0.176;SP6100.00;Section Proof | Axial and shear stress acc. to EN 1993-1-1, 6.2.1(5) | Elastic design
198;1.650;8;DS1;CO15;-4.81;0.82;-0.12;0.02;3.25;2.19;0.264;SP6100.00;Section Proof | Axial and shear stress acc. to EN 1993-1-1, 6.2.1(5) | Elastic design
198;;;;;;;;;;;;;
199;Beam | 3 - HEA 140 | L : 1.650 m;;;;;;;;;;;;
199;0.000;8;DS1;CO15;-5.23;0.04;-4.39;-0.10;3.33;2.19;0.277;SP6100.00;Section Proof | Axial and shear stress acc. to EN 1993-1-1, 6.2.1(5) | Elastic design
199;1.650;13;DS1;CO5;-4.23;1.15;-6.74;-0.08;-5.54;0.05;0.180;SP6100.00;Section Proof | Axial and shear stress acc. to EN 1993-1-1, 6.2.1(5) | Elastic design
199;;;;;;;;;;;;;
200;Beam | 4 - Z 232Z23 | L : 5.000 m;;;;;;;;;;;;
200;0.000;;DS1;CO13;-0.44;-0.24;2.16;0.00;0.00;0.00;Non-designable;ER2300.00;Error | Stability design is not possible acc. to EN 1993-1-3, 6.2.4(2)
200;5.000;;DS1;CO13;-0.43;0.24;-2.16;0.00;0.00;0.00;Non-designable;ER2300.00;Error | Stability design is not possible acc. to EN 1993-1-3, 6.2.4(2)
200;;;;;;;;;;;;;
201;Beam | 4 - Z 232Z23 | L : 5.000 m;;;;;;;;;;;;
201;0.000;9;DS1;CO7;0.02;-0.36;3.27;0.00;0.00;0.00;0.052;SP6110.00;Section Proof | Elastic design acc. to EN 1993-1-3, 6.1.6
201;5.000;9;DS1;CO9;0.02;0.36;-3.27;0.00;0.00;0.00;0.052;SP6110.00;Section Proof | Elastic design acc. to EN 1993-1-3, 6.1.6
201;;;;;;;;;;;;;
202;Beam | 4 - Z 232Z23 | L : 5.000 m;;;;;;;;;;;;
202;0.000;;DS1;CO13;-0.29;-0.24;2.16;0.00;0.00;0.00;Non-designable;ER2300.00;Error | Stability design is not possible acc. to EN 1993-1-3, 6.2.4(2)
202;5.000;;DS1;CO13;-0.28;0.23;-2.16;0.00;0.00;0.00;Non-designable;ER2300.00;Error | Stability design is not possible acc. to EN 1993-1-3, 6.2.4(2)
202;;;;;;;;;;;;;
203;Beam | 4 - Z 232Z23 | L : 5.000 m;;;;;;;;;;;;
203;0.000;;DS1;CO8;-0.96;-0.75;6.33;0.00;0.00;0.00;Non-designable;ER2300.00;Error | Stability design is not possible acc. to EN 1993-1-3, 6.2.4(2)
203;5.000;;DS1;CO8;-0.88;0.70;-6.33;0.00;0.00;0.00;Non-designable;ER2300.00;Error | Stability design is not possible acc. to EN 1993-1-3, 6.2.4(2)
203;;;;;;;;;;;;;
204;Beam | 4 - Z 232Z23 | L : 5.000 m;;;;;;;;;;;;
204;0.000;;DS1;CO13;-0.23;-0.24;2.16;0.00;0.00;0.00;Non-designable;ER2300.00;Error | Stability design is not possible acc. to EN 1993-1-3, 6.2.4(2)
204;5.000;;DS1;CO13;-0.22;0.24;-2.16;0.00;0.00;0.00;Non-designable;ER2300.00;Error | Stability design is not possible acc. to EN 1993-1-3, 6.2.4(2)
204;;;;;;;;;;;;;
205;Beam | 4 - Z 232Z23 | L : 5.000 m;;;;;;;;;;;;
205;0.000;9;DS1;CO7;0.21;-0.70;6.35;0.00;0.00;0.00;0.101;SP6110.00;Section Proof | Elastic design acc. to EN 1993-1-3, 6.1.6
205;5.000;9;DS1;CO7;0.32;0.67;-6.35;0.00;0.00;0.00;0.101;SP6110.00;Section Proof | Elastic design acc. to EN 1993-1-3, 6.1.6
205;;;;;;;;;;;;;
206;Beam | 4 - Z 232Z23 | L : 5.000 m;;;;;;;;;;;;
206;0.000;;DS1;CO13;-0.46;-0.24;2.16;0.00;0.00;0.00;Non-designable;ER2300.00;Error | Stability design is not possible acc. to EN 1993-1-3, 6.2.4(2)
206;5.000;;DS1;CO8;-0.21;0.72;-6.32;0.00;0.00;0.00;Non-designable;ER2300.00;Error | Stability design is not possible acc. to EN 1993-1-3, 6.2.4(2)
206;;;;;;;;;;;;;
207;Beam | 4 - Z 232Z23 | L : 5.000 m;;;;;;;;;;;;
207;0.000;9;DS1;CO8;0.02;-0.36;3.27;0.00;0.00;0.00;0.052;SP6110.00;Section Proof | Elastic design acc. to EN 1993-1-3, 6.1.6
207;5.000;9;DS1;CO5;0.02;0.36;-3.27;0.00;0.00;0.00;0.052;SP6110.00;Section Proof | Elastic design acc. to EN 1993-1-3, 6.1.6
207;;;;;;;;;;;;;
208;Beam | 4 - Z 232Z23 | L : 5.000 m;;;;;;;;;;;;
208;0.000;;DS1;CO13;-0.27;-0.23;2.16;0.00;0.00;0.00;Non-designable;ER2300.00;Error | Stability design is not possible acc. to EN 1993-1-3, 6.2.4(2)
208;5.000;;DS1;CO13;-0.28;0.24;-2.16;0.00;0.00;0.00;Non-designable;ER2300.00;Error | Stability design is not possible acc. to EN 1993-1-3, 6.2.4(2)
208;;;;;;;;;;;;;
209;Beam | 4 - Z 232Z23 | L : 5.000 m;;;;;;;;;;;;
209;0.000;;DS1;CO8;-0.87;-0.70;6.33;0.00;0.00;0.00;Non-designable;ER2300.00;Error | Stability design is not possible acc. to EN 1993-1-3, 6.2.4(2)
209;5.000;;DS1;CO8;-0.94;0.75;-6.33;0.00;0.00;0.00;Non-designable;ER2300.00;Error | Stability design is not possible acc. to EN 1993-1-3, 6.2.4(2)
209;;;;;;;;;;;;;
210;Beam | 4 - Z 232Z23 | L : 5.000 m;;;;;;;;;;;;
210;0.000;;DS1;CO13;-0.22;-0.24;2.16;0.00;0.00;0.00;Non-designable;ER2300.00;Error | Stability design is not possible acc. to EN 1993-1-3, 6.2.4(2)
210;5.000;;DS1;CO13;-0.24;0.24;-2.16;0.00;0.00;0.00;Non-designable;ER2300.00;Error | Stability design is not possible acc. to EN 1993-1-3, 6.2.4(2)
210;;;;;;;;;;;;;
211;Beam | 4 - Z 232Z23 | L : 5.000 m;;;;;;;;;;;;
211;0.000;9;DS1;CO5;0.31;-0.67;6.35;0.00;0.00;0.00;0.101;SP6110.00;Section Proof | Elastic design acc. to EN 1993-1-3, 6.1.6
211;5.000;9;DS1;CO5;0.21;0.70;-6.35;0.00;0.00;0.00;0.101;SP6110.00;Section Proof | Elastic design acc. to EN 1993-1-3, 6.1.6
211;;;;;;;;;;;;;
212;Beam | 4 - Z 232Z23 | L : 5.000 m;;;;;;;;;;;;
212;0.000;;DS1;CO13;-0.30;-0.15;1.37;0.00;0.00;0.00;Non-designable;ER2300.00;Error | Stability design is not possible acc. to EN 1993-1-3, 6.2.4(2)
212;5.000;;DS1;CO13;-0.29;0.15;-1.37;0.00;0.00;0.00;Non-designable;ER2300.00;Error | Stability design is not possible acc. to EN 1993-1-3, 6.2.4(2)
212;;;;;;;;;;;;;
213;Beam | 4 - Z 232Z23 | L : 5.000 m;;;;;;;;;;;;
213;0.000;;DS1;CO13;-0.28;-0.15;1.37;0.00;0.00;0.00;Non-designable;ER2300.00;Error | Stability design is not possible acc. to EN 1993-1-3, 6.2.4(2)
213;5.000;;DS1;CO13;-0.29;0.15;-1.37;0.00;0.00;0.00;Non-designable;ER2300.00;Error | Stability design is not possible acc. to EN 1993-1-3, 6.2.4(2)
213;;;;;;;;;;;;;
214;Beam | 3 - HEA 140 | L : 1.650 m;;;;;;;;;;;;
214;0.000;14;DS1;CO19;5.26;-0.83;-0.42;-0.04;4.64;1.65;0.262;SP6100.00;Section Proof | Axial and shear stress acc. to EN 1993-1-1, 6.2.1(5) | Elastic design
214;1.650;14;DS1;CO19;5.32;1.50;-0.98;-0.02;3.47;1.05;0.184;SP6100.00;Section Proof | Axial and shear stress acc. to EN 1993-1-1, 6.2.1(5) | Elastic design
214;;;;;;;;;;;;;
215;Beam | 3 - HEA 140 | L : 1.650 m;;;;;;;;;;;;
215;0.000;14;DS1;CO19;5.75;1.16;-5.22;-0.08;3.39;1.05;0.191;SP6100.00;Section Proof | Axial and shear stress acc. to EN 1993-1-1, 6.2.1(5) | Elastic design
215;1.650;21;DS1;CO17;-4.32;-2.70;-5.16;0.09;-5.03;2.80;0.364;SP6100.00;Section Proof | Axial and shear stress acc. to EN 1993-1-1, 6.2.1(5) | Elastic design
215;;;;;;;;;;;;;
216;Beam | 3 - HEA 140 | L : 0.075 m;;;;;;;;;;;;
216;0.000;21;DS1;CO17;-3.90;-0.47;-9.43;0.49;-5.11;2.79;0.527;SP6100.00;Section Proof | Axial and shear stress acc. to EN 1993-1-1, 6.2.1(5) | Elastic design
216;0.075;21;DS1;CO17;-3.90;-0.52;-9.45;0.49;-5.80;2.86;0.543;SP6100.00;Section Proof | Axial and shear stress acc. to EN 1993-1-1, 6.2.1(5) | Elastic design
216;;;;;;;;;;;;;
217;Beam | 3 - HEA 140 | L : 1.650 m;;;;;;;;;;;;
217;0.000;;DS1;CO7;-3.73;1.00;1.01;0.00;2.95;-0.28;0.072;SP4100.03;Section Proof | Bending about y-axis acc. to EN 1993-1-1, 6.2.5 | Plastic design
217;1.650;;DS1;CO3;-1.46;0.00;0.54;0.00;4.23;0.00;0.104;SP4100.03;Section Proof | Bending about y-axis acc. to EN 1993-1-1, 6.2.5 | Plastic design
217;;;;;;;;;;;;;
218;Beam | 3 - HEA 140 | L : 1.650 m;;;;;;;;;;;;
218;0.000;1;DS1;CO7;-3.03;-0.37;-5.93;0.03;4.02;-0.57;0.159;SP6100.00;Section Proof | Axial and shear stress acc. to EN 1993-1-1, 6.2.1(5) | Elastic design
218;1.650;8;DS1;CO19;5.06;1.97;-4.33;-0.02;-3.90;-2.03;0.270;SP6100.00;Section Proof | Axial and shear stress acc. to EN 1993-1-1, 6.2.1(5) | Elastic design
218;;;;;;;;;;;;;
219;Beam | 3 - HEA 140 | L : 0.150 m;;;;;;;;;;;;
219;0.000;8;DS1;CO19;5.32;1.68;-6.94;-0.08;-3.95;-2.03;0.277;SP6100.00;Section Proof | Axial and shear stress acc. to EN 1993-1-1, 6.2.1(5) | Elastic design
219;0.150;8;DS1;CO19;5.32;1.70;-6.98;-0.08;-4.99;-2.29;0.325;SP6100.00;Section Proof | Axial and shear stress acc. to EN 1993-1-1, 6.2.1(5) | Elastic design
219;;;;;;;;;;;;;
220;Beam | 3 - HEA 140 | L : 1.650 m;;;;;;;;;;;;
220;0.000;8;DS1;CO19;5.66;-2.00;4.47;0.02;-4.15;-2.11;0.283;SP6100.00;Section Proof | Axial and shear stress acc. to EN 1993-1-1, 6.2.1(5) | Elastic design
220;1.650;1;DS1;CO15;-4.33;0.68;4.19;-0.04;2.93;-0.94;0.162;SP6100.00;Section Proof | Axial and shear stress acc. to EN 1993-1-1, 6.2.1(5) | Elastic design
220;;;;;;;;;;;;;
221;Beam | 3 - HEA 140 | L : 1.650 m;;;;;;;;;;;;
221;0.000;;DS1;CO7;-0.29;0.47;-0.42;0.00;4.26;-0.23;0.104;SP4100.03;Section Proof | Bending about y-axis acc. to EN 1993-1-1, 6.2.5 | Plastic design
221;1.650;;DS1;CO5;-3.57;-0.99;-0.88;0.00;3.21;-0.29;0.079;SP4100.03;Section Proof | Bending about y-axis acc. to EN 1993-1-1, 6.2.5 | Plastic design
221;;;;;;;;;;;;;
222;Beam | 3 - HEA 140 | L : 1.575 m;;;;;;;;;;;;
222;0.000;9;DS1;CO5;-4.19;-0.78;-7.24;0.03;3.33;-0.29;0.125;SP6100.00;Section Proof | Axial and shear stress acc. to EN 1993-1-1, 6.2.1(5) | Elastic design
222;1.575;21;DS1;CO15;-5.29;-2.46;-5.50;0.05;-5.85;2.80;0.384;SP6100.00;Section Proof | Axial and shear stress acc. to EN 1993-1-1, 6.2.1(5) | Elastic design
222;;;;;;;;;;;;;
223;Beam | 3 - HEA 140 | L : 1.650 m;;;;;;;;;;;;
223;0.000;21;DS1;CO15;-4.27;2.73;5.33;-0.09;-5.56;2.88;0.384;SP6100.00;Section Proof | Axial and shear stress acc. to EN 1993-1-1, 6.2.1(5) | Elastic design
223;1.650;14;DS1;CO19;5.77;-1.19;5.38;0.08;3.18;1.03;0.184;SP6100.00;Section Proof | Axial and shear stress acc. to EN 1993-1-1, 6.2.1(5) | Elastic design
223;;;;;;;;;;;;;
224;Beam | 3 - HEA 140 | L : 1.650 m;;;;;;;;;;;;
224;0.000;14;DS1;CO19;5.33;-1.51;1.14;0.03;3.26;1.02;0.176;SP6100.00;Section Proof | Axial and shear stress acc. to EN 1993-1-1, 6.2.1(5) | Elastic design
224;1.650;1;DS1;CO15;-4.81;-0.83;-0.12;-0.02;3.25;-2.19;0.264;SP6100.00;Section Proof | Axial and shear stress acc. to EN 1993-1-1, 6.2.1(5) | Elastic design
224;;;;;;;;;;;;;
225;Beam | 3 - HEA 140 | L : 1.650 m;;;;;;;;;;;;
225;0.000;1;DS1;CO15;-5.23;-0.03;-4.39;0.10;3.33;-2.19;0.277;SP6100.00;Section Proof | Axial and shear stress acc. to EN 1993-1-1, 6.2.1(5) | Elastic design
225;1.650;13;DS1;CO5;-4.23;-1.15;-6.74;0.08;-5.54;-0.05;0.180;SP6100.00;Section Proof | Axial and shear stress acc. to EN 1993-1-1, 6.2.1(5) | Elastic design
